variant_key,HGVS_p,hgvs_refseq,position,ref_aa,alt_aa,conservation_score,in_domain,domain_name,sift_score,sift_prediction,polyphen_score,polyphen_prediction,has_polyphen,mut_change_count,priority_score,clin_group
p.P13R,p.Pro13Arg,NM_000546.6:c.38C>G,13,P,R,0.9032258064516128,1,Transcription activation (acidic); Interaction with HRMT1L2; Interaction with CCAR2,0.0,deleterious,0.999,probably_damaging,1,3,3.2027258064516126,vus
p.S15R,p.Ser15Arg,NM_000546.6:c.43A>C,15,S,R,0.8709677419354839,1,Transcription activation (acidic); Interaction with HRMT1L2; Interaction with CCAR2,0.0,deleterious,0.991,probably_damaging,1,2,3.066467741935484,vus
p.Q16K,p.Gln16Lys,NM_000546.6:c.46C>A,16,Q,K,0.8709677419354839,1,Transcription activation (acidic); Interaction with HRMT1L2; Interaction with CCAR2,0.0,deleterious,0.987,probably_damaging,1,2,3.064467741935484,vus
p.P13S,p.Pro13Ser,NM_000546.6:c.37C>T,13,P,S,0.9032258064516128,1,Transcription activation (acidic); Interaction with HRMT1L2; Interaction with CCAR2,0.04,deleterious,0.999,probably_damaging,1,1,2.962725806451613,vus
p.S15G,p.Ser15Gly,NM_000546.6:c.43A>G,15,S,G,0.8709677419354839,1,Transcription activation (acidic); Interaction with HRMT1L2; Interaction with CCAR2,0.01,deleterious,0.982,probably_damaging,1,1,2.951967741935484,vus
p.Q16H,p.Gln16His,NM_000546.6:c.48G>C,16,Q,H,0.8709677419354839,1,Transcription activation (acidic); Interaction with HRMT1L2; Interaction with CCAR2,0.02,deleterious,0.996,probably_damaging,1,1,2.9489677419354843,vus
p.K120M,p.Lys120Met,NM_000546.6:c.359A>T,120,K,M,1.0,1,Interaction with CCAR2; Required for interaction with ZNF385A; Interaction with HIPK1; DNA binding; Required for interaction with FBXO42; Interaction with AXIN1; Interaction with DNA,0.0,deleterious,,,0,3,2.8,vus
p.R158I,p.Arg158Ile,NM_000546.6:c.472_474delinsATT,158,R,I,1.0,1,Interaction with CCAR2; Required for interaction with ZNF385A; Interaction with HIPK1; DNA binding; Required for interaction with FBXO42; Interaction with AXIN1,0.0,deleterious,,,0,3,2.8,vus
p.G199R,p.Gly199Arg,NM_000546.6:c.595G>A,199,G,R,1.0,1,Interaction with CCAR2; Required for interaction with ZNF385A; Interaction with HIPK1; DNA binding; Required for interaction with FBXO42; Interaction with AXIN1,0.0,deleterious,,,0,3,2.8,vus
p.P177H,p.Pro177His,NM_000546.6:c.530C>A,177,P,H,1.0,1,Interaction with CCAR2; Required for interaction with ZNF385A; Interaction with HIPK1; DNA binding; Required for interaction with FBXO42; Interaction with AXIN1,0.0,deleterious,,,0,3,2.8,vus
p.L130D,p.Leu130Asp,NM_000546.6:c.388_390delinsGAT,130,L,D,1.0,1,Interaction with CCAR2; Required for interaction with ZNF385A; Interaction with HIPK1; DNA binding; Required for interaction with FBXO42; Interaction with AXIN1,0.0,deleterious,,,0,3,2.8,vus
p.R282L,p.Arg282Leu,NM_000546.6:c.845G>T,282,R,L,1.0,1,Interaction with CCAR2; Required for interaction with ZNF385A; Interaction with HIPK1; DNA binding; Interaction with AXIN1; Interaction with E4F1; Disordered,0.0,deleterious,,,0,3,2.8,vus
p.E271G,p.Glu271Gly,NM_000546.6:c.812A>G,271,E,G,1.0,1,Interaction with CCAR2; Required for interaction with ZNF385A; Interaction with HIPK1; DNA binding; Interaction with AXIN1; Interaction with E4F1,0.0,deleterious,,,0,3,2.8,vus
p.R306G,p.Arg306Gly,NM_000546.6:c.916C>G,306,R,G,1.0,1,Interaction with CCAR2; Interaction with HIPK1; Disordered; Interaction with CARM1; Bipartite nuclear localization signal,0.0,deleterious,,,0,3,2.8,vus
p.P98R,p.Pro98Arg,NM_000546.6:c.293C>G,98,P,R,1.0,1,Interaction with CCAR2; Interaction with WWOX,0.0,deleterious,,,0,3,2.8,vus
p.E221A,p.Glu221Ala,NM_000546.6:c.662A>C,221,E,A,1.0,1,Interaction with CCAR2; Required for interaction with ZNF385A; Interaction with HIPK1; DNA binding; Required for interaction with FBXO42; Interaction with AXIN1,0.0,deleterious,,,0,3,2.8,vus
p.R267L,p.Arg267Leu,NM_000546.6:c.800G>T,267,R,L,1.0,1,Interaction with CCAR2; Required for interaction with ZNF385A; Interaction with HIPK1; DNA binding; Interaction with AXIN1; Interaction with E4F1,0.0,deleterious,,,0,3,2.8,vus
p.R280L,p.Arg280Leu,NM_000546.6:c.838_840delinsCTC,280,R,L,1.0,1,Interaction with CCAR2; Required for interaction with ZNF385A; Interaction with HIPK1; DNA binding; Interaction with AXIN1; Interaction with E4F1; Interaction with DNA,0.0,deleterious,,,0,3,2.8,vus
p.G244R,p.Gly244Arg,NM_000546.6:c.730G>C,244,G,R,1.0,1,Interaction with CCAR2; Required for interaction with ZNF385A; Interaction with HIPK1; DNA binding; Interaction with AXIN1; Interaction with the 53BP2 SH3 domain,0.0,deleterious,,,0,3,2.8,vus
p.P151H,p.Pro151His,NM_000546.6:c.452C>A,151,P,H,1.0,1,Interaction with CCAR2; Required for interaction with ZNF385A; Interaction with HIPK1; DNA binding; Required for interaction with FBXO42; Interaction with AXIN1,0.0,deleterious,,,0,3,2.8,vus
p.E258A,p.Glu258Ala,NM_000546.6:c.773A>C,258,E,A,1.0,1,Interaction with CCAR2; Required for interaction with ZNF385A; Interaction with HIPK1; DNA binding; Interaction with AXIN1; Interaction with E4F1,0.0,deleterious,,,0,3,2.8,vus
p.M237R,p.Met237Arg,NM_000546.6:c.710T>G,237,M,R,1.0,1,Interaction with CCAR2; Required for interaction with ZNF385A; Interaction with HIPK1; DNA binding; Interaction with AXIN1,0.0,deleterious,,,0,3,2.8,vus
p.G334E,p.Gly334Glu,NM_000546.6:c.1001G>A,334,G,E,1.0,1,Interaction with HIPK1; Interaction with CARM1; Interaction with HIPK2; Oligomerization,0.0,deleterious,,,0,3,2.8,vus
p.L265R,p.Leu265Arg,NM_000546.6:c.794T>G,265,L,R,1.0,1,Interaction with CCAR2; Required for interaction with ZNF385A; Interaction with HIPK1; DNA binding; Interaction with AXIN1; Interaction with E4F1,0.0,deleterious,,,0,3,2.8,vus
p.P219R,p.Pro219Arg,NM_000546.6:c.656C>G,219,P,R,1.0,1,Interaction with CCAR2; Required for interaction with ZNF385A; Interaction with HIPK1; DNA binding; Required for interaction with FBXO42; Interaction with AXIN1,0.0,deleterious,,,0,3,2.8,vus
p.G262R,p.Gly262Arg,NM_000546.6:c.784G>C,262,G,R,1.0,1,Interaction with CCAR2; Required for interaction with ZNF385A; Interaction with HIPK1; DNA binding; Interaction with AXIN1; Interaction with E4F1,0.01,deleterious,,,0,3,2.79,vus
p.G334R,p.Gly334Arg,NM_000546.6:c.1000G>C,334,G,R,1.0,1,Interaction with HIPK1; Interaction with CARM1; Interaction with HIPK2; Oligomerization,0.02,deleterious,,,0,3,2.7800000000000002,vus
p.G154R,p.Gly154Arg,NM_000546.6:c.460G>C,154,G,R,0.967741935483871,1,Interaction with CCAR2; Required for interaction with ZNF385A; Interaction with HIPK1; DNA binding; Required for interaction with FBXO42; Interaction with AXIN1,0.0,deleterious,,,0,3,2.767741935483871,vus
p.E285G,p.Glu285Gly,NM_000546.6:c.854A>G,285,E,G,0.967741935483871,1,Interaction with CCAR2; Required for interaction with ZNF385A; Interaction with HIPK1; DNA binding; Interaction with AXIN1; Interaction with E4F1; Disordered,0.0,deleterious,,,0,3,2.767741935483871,vus
p.E198G,p.Glu198Gly,NM_000546.6:c.593A>G,198,E,G,1.0,1,Interaction with CCAR2; Required for interaction with ZNF385A; Interaction with HIPK1; DNA binding; Required for interaction with FBXO42; Interaction with AXIN1,0.04,deleterious,,,0,3,2.76,vus
p.L330R,p.Leu330Arg,NM_000546.6:c.989T>G,330,L,R,0.935483870967742,1,Interaction with HIPK1; Interaction with CARM1; Interaction with HIPK2; Oligomerization,0.0,deleterious,,,0,3,2.735483870967742,vus
p.G117R,p.Gly117Arg,NM_000546.6:c.349G>A,117,G,R,0.935483870967742,1,Interaction with CCAR2; Required for interaction with ZNF385A; Interaction with HIPK1; DNA binding; Required for interaction with FBXO42; Interaction with AXIN1,0.0,deleterious,,,0,3,2.735483870967742,vus
p.G117E,p.Gly117Glu,NM_000546.6:c.350G>A,117,G,E,0.935483870967742,1,Interaction with CCAR2; Required for interaction with ZNF385A; Interaction with HIPK1; DNA binding; Required for interaction with FBXO42; Interaction with AXIN1,0.0,deleterious,,,0,3,2.735483870967742,vus
p.D393V,p.Asp393Val,NM_000546.6:c.1178A>T,393,D,V,0.925925925925926,1,Interaction with CARM1; Disordered; Interaction with MORN3,0.0,deleterious,,,0,3,2.7259259259259263,vus
p.R174G,p.Arg174Gly,NM_000546.6:c.520A>G,174,R,G,0.9032258064516128,1,Interaction with CCAR2; Required for interaction with ZNF385A; Interaction with HIPK1; DNA binding; Required for interaction with FBXO42; Interaction with AXIN1,0.0,deleterious,,,0,3,2.703225806451613,vus
p.H214P,p.His214Pro,NM_000546.6:c.641A>C,214,H,P,0.9032258064516128,1,Interaction with CCAR2; Required for interaction with ZNF385A; Interaction with HIPK1; DNA binding; Required for interaction with FBXO42; Interaction with AXIN1,0.0,deleterious,,,0,3,2.703225806451613,vus
p.E221K,p.Glu221Lys,NM_000546.6:c.661G>A,221,E,K,1.0,1,Interaction with CCAR2; Required for interaction with ZNF385A; Interaction with HIPK1; DNA binding; Required for interaction with FBXO42; Interaction with AXIN1,0.0,deleterious,,,0,2,2.7,vus
p.E221M,p.Glu221Met,NM_000546.6:c.661_662delinsAT,221,E,M,1.0,1,Interaction with CCAR2; Required for interaction with ZNF385A; Interaction with HIPK1; DNA binding; Required for interaction with FBXO42; Interaction with AXIN1,0.0,deleterious,,,0,2,2.7,vus
p.G262D,p.Gly262Asp,NM_000546.6:c.785G>A,262,G,D,1.0,1,Interaction with CCAR2; Required for interaction with ZNF385A; Interaction with HIPK1; DNA binding; Interaction with AXIN1; Interaction with E4F1,0.0,deleterious,,,0,2,2.7,vus
p.K164Q,p.Lys164Gln,NM_000546.6:c.490A>C,164,K,Q,1.0,1,Interaction with CCAR2; Required for interaction with ZNF385A; Interaction with HIPK1; DNA binding; Required for interaction with FBXO42; Interaction with AXIN1,0.0,deleterious,,,0,2,2.7,vus
p.E258V,p.Glu258Val,NM_000546.6:c.773A>T,258,E,V,1.0,1,Interaction with CCAR2; Required for interaction with ZNF385A; Interaction with HIPK1; DNA binding; Interaction with AXIN1; Interaction with E4F1,0.0,deleterious,,,0,2,2.7,vus
p.L137E,p.Leu137Glu,NM_000546.6:c.409_410delinsGA,137,L,E,1.0,1,Interaction with CCAR2; Required for interaction with ZNF385A; Interaction with HIPK1; DNA binding; Required for interaction with FBXO42; Interaction with AXIN1,0.0,deleterious,,,0,2,2.7,vus
p.K139T,p.Lys139Thr,NM_000546.6:c.416A>C,139,K,T,1.0,1,Interaction with CCAR2; Required for interaction with ZNF385A; Interaction with HIPK1; DNA binding; Required for interaction with FBXO42; Interaction with AXIN1,0.0,deleterious,,,0,2,2.7,vus
p.P152Q,p.Pro152Gln,NM_000546.6:c.455C>A,152,P,Q,1.0,1,Interaction with CCAR2; Required for interaction with ZNF385A; Interaction with HIPK1; DNA binding; Required for interaction with FBXO42; Interaction with AXIN1,0.0,deleterious,,,0,2,2.7,vus
p.S240I,p.Ser240Ile,NM_000546.6:c.719G>T,240,S,I,1.0,1,Interaction with CCAR2; Required for interaction with ZNF385A; Interaction with HIPK1; DNA binding; Interaction with AXIN1,0.0,deleterious,,,0,2,2.7,vus
p.K291E,p.Lys291Glu,NM_000546.6:c.871A>G,291,K,E,1.0,1,Interaction with CCAR2; Required for interaction with ZNF385A; Interaction with HIPK1; DNA binding; Interaction with AXIN1; Interaction with E4F1; Disordered,0.0,deleterious,,,0,2,2.7,vus
p.E271L,p.Glu271Leu,NM_000546.6:c.811_812delinsTT,271,E,L,1.0,1,Interaction with CCAR2; Required for interaction with ZNF385A; Interaction with HIPK1; DNA binding; Interaction with AXIN1; Interaction with E4F1,0.0,deleterious,,,0,2,2.7,vus
p.K139N,p.Lys139Asn,NM_000546.6:c.417G>T,139,K,N,1.0,1,Interaction with CCAR2; Required for interaction with ZNF385A; Interaction with HIPK1; DNA binding; Required for interaction with FBXO42; Interaction with AXIN1,0.0,deleterious,,,0,2,2.7,vus
p.K139E,p.Lys139Glu,NM_000546.6:c.415A>G,139,K,E,1.0,1,Interaction with CCAR2; Required for interaction with ZNF385A; Interaction with HIPK1; DNA binding; Required for interaction with FBXO42; Interaction with AXIN1,0.0,deleterious,,,0,2,2.7,vus
p.M237T,p.Met237Thr,NM_000546.6:c.710T>C,237,M,T,1.0,1,Interaction with CCAR2; Required for interaction with ZNF385A; Interaction with HIPK1; DNA binding; Interaction with AXIN1,0.0,deleterious,,,0,2,2.7,vus
p.V216E,p.Val216Glu,NM_000546.6:c.647T>A,216,V,E,1.0,1,Interaction with CCAR2; Required for interaction with ZNF385A; Interaction with HIPK1; DNA binding; Required for interaction with FBXO42; Interaction with AXIN1,0.0,deleterious,,,0,2,2.7,vus
p.S240R,p.Ser240Arg,NM_000546.6:c.720T>G,240,S,R,1.0,1,Interaction with CCAR2; Required for interaction with ZNF385A; Interaction with HIPK1; DNA binding; Interaction with AXIN1,0.0,deleterious,,,0,2,2.7,vus
p.K164N,p.Lys164Asn,NM_000546.6:c.492G>C,164,K,N,1.0,1,Interaction with CCAR2; Required for interaction with ZNF385A; Interaction with HIPK1; DNA binding; Required for interaction with FBXO42; Interaction with AXIN1,0.0,deleterious,,,0,2,2.7,vus
p.H178N,p.His178Asn,NM_000546.6:c.532C>A,178,H,N,1.0,1,Interaction with CCAR2; Required for interaction with ZNF385A; Interaction with HIPK1; DNA binding; Required for interaction with FBXO42; Interaction with AXIN1,0.0,deleterious,,,0,2,2.7,vus
p.K120Q,p.Lys120Gln,NM_000546.6:c.358A>C,120,K,Q,1.0,1,Interaction with CCAR2; Required for interaction with ZNF385A; Interaction with HIPK1; DNA binding; Required for interaction with FBXO42; Interaction with AXIN1; Interaction with DNA,0.0,deleterious,,,0,2,2.7,vus
p.K120T,p.Lys120Thr,NM_000546.6:c.359A>C,120,K,T,1.0,1,Interaction with CCAR2; Required for interaction with ZNF385A; Interaction with HIPK1; DNA binding; Required for interaction with FBXO42; Interaction with AXIN1; Interaction with DNA,0.0,deleterious,,,0,2,2.7,vus
p.R267Q,p.Arg267Gln,NM_000546.6:c.800G>A,267,R,Q,1.0,1,Interaction with CCAR2; Required for interaction with ZNF385A; Interaction with HIPK1; DNA binding; Interaction with AXIN1; Interaction with E4F1,0.0,deleterious,,,0,2,2.7,vus
p.A138D,p.Ala138Asp,NM_000546.6:c.413C>A,138,A,D,1.0,1,Interaction with CCAR2; Required for interaction with ZNF385A; Interaction with HIPK1; DNA binding; Required for interaction with FBXO42; Interaction with AXIN1,0.01,deleterious,,,0,2,2.6900000000000004,vus
p.K139Q,p.Lys139Gln,NM_000546.6:c.415A>C,139,K,Q,1.0,1,Interaction with CCAR2; Required for interaction with ZNF385A; Interaction with HIPK1; DNA binding; Required for interaction with FBXO42; Interaction with AXIN1,0.01,deleterious,,,0,2,2.6900000000000004,vus
p.R175C,p.Arg175Cys,NM_000546.6:c.523C>T,175,R,C,1.0,1,Interaction with CCAR2; Required for interaction with ZNF385A; Interaction with HIPK1; DNA binding; Required for interaction with FBXO42; Interaction with AXIN1,0.01,deleterious,,,0,2,2.6900000000000004,vus
p.T230I,p.Thr230Ile,NM_000546.6:c.689C>T,230,T,I,1.0,1,Interaction with CCAR2; Required for interaction with ZNF385A; Interaction with HIPK1; DNA binding; Required for interaction with FBXO42; Interaction with AXIN1,0.02,deleterious,,,0,2,2.68,vus
p.K382I,p.Lys382Ile,NM_000546.6:c.1145A>T,382,K,I,0.8709677419354839,1,Interaction with CARM1; Disordered; Basic (repression of DNA-binding); Interaction with MORN3,0.0,deleterious,,,0,3,2.670967741935484,vus
p.T118R,p.Thr118Arg,NM_000546.6:c.353C>G,118,T,R,0.967741935483871,1,Interaction with CCAR2; Required for interaction with ZNF385A; Interaction with HIPK1; DNA binding; Required for interaction with FBXO42; Interaction with AXIN1,0.0,deleterious,,,0,2,2.667741935483871,vus
p.T256K,p.Thr256Lys,NM_000546.6:c.767C>A,256,T,K,0.967741935483871,1,Interaction with CCAR2; Required for interaction with ZNF385A; Interaction with HIPK1; DNA binding; Interaction with AXIN1; Interaction with E4F1,0.0,deleterious,,,0,2,2.667741935483871,vus
p.T256I,p.Thr256Ile,NM_000546.6:c.767C>T,256,T,I,0.967741935483871,1,Interaction with CCAR2; Required for interaction with ZNF385A; Interaction with HIPK1; DNA binding; Interaction with AXIN1; Interaction with E4F1,0.0,deleterious,,,0,2,2.667741935483871,vus
p.L348S,p.Leu348Ser,NM_000546.6:c.1043T>C,348,L,S,0.967741935483871,1,Interaction with HIPK1; Interaction with CARM1; Interaction with HIPK2; Oligomerization; Nuclear export signal,0.0,deleterious,,,0,2,2.667741935483871,vus
p.D208A,p.Asp208Ala,NM_000546.6:c.623A>C,208,D,A,0.967741935483871,1,Interaction with CCAR2; Required for interaction with ZNF385A; Interaction with HIPK1; DNA binding; Required for interaction with FBXO42; Interaction with AXIN1,0.0,deleterious,,,0,2,2.667741935483871,vus
p.Y126L,p.Tyr126Leu,NM_000546.6:c.376_377delinsCT,126,Y,L,0.967741935483871,1,Interaction with CCAR2; Required for interaction with ZNF385A; Interaction with HIPK1; DNA binding; Required for interaction with FBXO42; Interaction with AXIN1,0.0,deleterious,,,0,2,2.667741935483871,vus
p.D208G,p.Asp208Gly,NM_000546.6:c.623A>G,208,D,G,0.967741935483871,1,Interaction with CCAR2; Required for interaction with ZNF385A; Interaction with HIPK1; DNA binding; Required for interaction with FBXO42; Interaction with AXIN1,0.0,deleterious,,,0,2,2.667741935483871,vus
p.K381E,p.Lys381Glu,NM_000546.6:c.1141A>G,381,K,E,0.967741935483871,1,Interaction with CARM1; Disordered; Basic (repression of DNA-binding); Interaction with MORN3,0.0,deleterious,,,0,2,2.667741935483871,vus
p.D208H,p.Asp208His,NM_000546.6:c.622G>C,208,D,H,0.967741935483871,1,Interaction with CCAR2; Required for interaction with ZNF385A; Interaction with HIPK1; DNA binding; Required for interaction with FBXO42; Interaction with AXIN1,0.0,deleterious,,,0,2,2.667741935483871,vus
p.T231I,p.Thr231Ile,NM_000546.6:c.692C>T,231,T,I,0.967741935483871,1,Interaction with CCAR2; Required for interaction with ZNF385A; Interaction with HIPK1; DNA binding; Required for interaction with FBXO42; Interaction with AXIN1,0.0,deleterious,,,0,2,2.667741935483871,vus
p.A119D,p.Ala119Asp,NM_000546.6:c.356C>A,119,A,D,0.967741935483871,1,Interaction with CCAR2; Required for interaction with ZNF385A; Interaction with HIPK1; DNA binding; Required for interaction with FBXO42; Interaction with AXIN1,0.01,deleterious,,,0,2,2.6577419354838714,vus
p.G154D,p.Gly154Asp,NM_000546.6:c.461G>A,154,G,D,0.967741935483871,1,Interaction with CCAR2; Required for interaction with ZNF385A; Interaction with HIPK1; DNA binding; Required for interaction with FBXO42; Interaction with AXIN1,0.02,deleterious,,,0,2,2.647741935483871,vus
p.V197E,p.Val197Glu,NM_000546.6:c.590T>A,197,V,E,0.935483870967742,1,Interaction with CCAR2; Required for interaction with ZNF385A; Interaction with HIPK1; DNA binding; Required for interaction with FBXO42; Interaction with AXIN1,0.0,deleterious,,,0,2,2.635483870967742,vus
p.D324Y,p.Asp324Tyr,NM_000546.6:c.970G>T,324,D,Y,0.935483870967742,1,Interaction with HIPK1; Disordered; Interaction with CARM1; Interaction with HIPK2,0.0,deleterious,,,0,2,2.635483870967742,vus
p.E349K,p.Glu349Lys,NM_000546.6:c.1045G>A,349,E,K,0.935483870967742,1,Interaction with HIPK1; Interaction with CARM1; Interaction with HIPK2; Oligomerization; Nuclear export signal,0.0,deleterious,,,0,2,2.635483870967742,vus
p.L330H,p.Leu330His,NM_000546.6:c.989T>A,330,L,H,0.935483870967742,1,Interaction with HIPK1; Interaction with CARM1; Interaction with HIPK2; Oligomerization,0.0,deleterious,,,0,2,2.635483870967742,vus
p.F109S,p.Phe109Ser,NM_000546.6:c.326T>C,109,F,S,0.935483870967742,1,Interaction with CCAR2; Interaction with WWOX; Required for interaction with ZNF385A; Interaction with HIPK1; DNA binding,0.0,deleterious,,,0,2,2.635483870967742,vus
p.S227F,p.Ser227Phe,NM_000546.6:c.680C>T,227,S,F,0.935483870967742,1,Interaction with CCAR2; Required for interaction with ZNF385A; Interaction with HIPK1; DNA binding; Required for interaction with FBXO42; Interaction with AXIN1,0.0,deleterious,,,0,2,2.635483870967742,vus
p.G108R,p.Gly108Arg,NM_000546.6:c.322G>C,108,G,R,0.8709677419354839,1,Interaction with CCAR2; Interaction with WWOX; Required for interaction with ZNF385A; Interaction with HIPK1; DNA binding,0.04,deleterious,,,0,3,2.6309677419354838,vus
p.D393G,p.Asp393Gly,NM_000546.6:c.1178A>G,393,D,G,0.925925925925926,1,Interaction with CARM1; Disordered; Interaction with MORN3,0.0,deleterious,,,0,2,2.625925925925926,vus
p.R363S,p.Arg363Ser,NM_000546.6:c.1089G>T,363,R,S,0.92,1,Interaction with HIPK1; Interaction with CARM1; Disordered; Interaction with USP7,0.0,deleterious,,,0,2,2.62,vus
p.M133R,p.Met133Arg,NM_000546.6:c.398T>G,133,M,R,0.8064516129032258,1,Interaction with CCAR2; Required for interaction with ZNF385A; Interaction with HIPK1; DNA binding; Required for interaction with FBXO42; Interaction with AXIN1,0.0,deleterious,,,0,3,2.606451612903226,vus
p.M133K,p.Met133Lys,NM_000546.6:c.398T>A,133,M,K,0.8064516129032258,1,Interaction with CCAR2; Required for interaction with ZNF385A; Interaction with HIPK1; DNA binding; Required for interaction with FBXO42; Interaction with AXIN1,0.0,deleterious,,,0,3,2.606451612903226,vus
p.T123I,p.Thr123Ile,NM_000546.6:c.368C>T,123,T,I,0.935483870967742,1,Interaction with CCAR2; Required for interaction with ZNF385A; Interaction with HIPK1; DNA binding; Required for interaction with FBXO42; Interaction with AXIN1,0.03,deleterious,,,0,2,2.605483870967742,vus
p.I195N,p.Ile195Asn,NM_000546.6:c.584_585delinsAT,195,I,N,0.9032258064516128,1,Interaction with CCAR2; Required for interaction with ZNF385A; Interaction with HIPK1; DNA binding; Required for interaction with FBXO42; Interaction with AXIN1,0.0,deleterious,,,0,2,2.603225806451613,vus
p.H214Y,p.His214Tyr,NM_000546.6:c.640C>T,214,H,Y,0.9032258064516128,1,Interaction with CCAR2; Required for interaction with ZNF385A; Interaction with HIPK1; DNA binding; Required for interaction with FBXO42; Interaction with AXIN1,0.0,deleterious,,,0,2,2.603225806451613,vus
p.N131K,p.Asn131Lys,NM_000546.6:c.393C>A,131,N,K,0.9032258064516128,1,Interaction with CCAR2; Required for interaction with ZNF385A; Interaction with HIPK1; DNA binding; Required for interaction with FBXO42; Interaction with AXIN1,0.0,deleterious,,,0,2,2.603225806451613,vus
p.V172A,p.Val172Ala,NM_000546.6:c.515T>C,172,V,A,1.0,1,Interaction with CCAR2; Required for interaction with ZNF385A; Interaction with HIPK1; DNA binding; Required for interaction with FBXO42; Interaction with AXIN1,0.0,deleterious,,,0,1,2.6,vus
p.S241P,p.Ser241Pro,NM_000546.6:c.721T>C,241,S,P,1.0,1,Interaction with CCAR2; Required for interaction with ZNF385A; Interaction with HIPK1; DNA binding; Interaction with AXIN1; Interaction with the 53BP2 SH3 domain,0.0,deleterious,,,0,1,2.6,vus
p.G279V,p.Gly279Val,NM_000546.6:c.836G>T,279,G,V,1.0,1,Interaction with CCAR2; Required for interaction with ZNF385A; Interaction with HIPK1; DNA binding; Interaction with AXIN1; Interaction with E4F1; Interaction with DNA,0.0,deleterious,,,0,1,2.6,vus
p.Y205S,p.Tyr205Ser,NM_000546.6:c.614A>C,205,Y,S,1.0,1,Interaction with CCAR2; Required for interaction with ZNF385A; Interaction with HIPK1; DNA binding; Required for interaction with FBXO42; Interaction with AXIN1,0.0,deleterious,,,0,1,2.6,vus
p.E258D,p.Glu258Asp,NM_000546.6:c.774A>C,258,E,D,1.0,1,Interaction with CCAR2; Required for interaction with ZNF385A; Interaction with HIPK1; DNA binding; Interaction with AXIN1; Interaction with E4F1,0.0,deleterious,,,0,1,2.6,vus
p.Y103Q,p.Tyr103Gln,NM_000546.6:c.307_309delinsCAG,103,Y,Q,1.0,1,Interaction with CCAR2; Interaction with WWOX; Required for interaction with ZNF385A; Interaction with HIPK1; DNA binding,0.0,deleterious,,,0,1,2.6,vus
p.S121P,p.Ser121Pro,NM_000546.6:c.361T>C,121,S,P,1.0,1,Interaction with CCAR2; Required for interaction with ZNF385A; Interaction with HIPK1; DNA binding; Required for interaction with FBXO42; Interaction with AXIN1,0.0,deleterious,,,0,1,2.6,vus
p.Y163S,p.Tyr163Ser,NM_000546.6:c.488A>C,163,Y,S,1.0,1,Interaction with CCAR2; Required for interaction with ZNF385A; Interaction with HIPK1; DNA binding; Required for interaction with FBXO42; Interaction with AXIN1,0.0,deleterious,,,0,1,2.6,vus
p.P98S,p.Pro98Ser,NM_000546.6:c.292C>T,98,P,S,1.0,1,Interaction with CCAR2; Interaction with WWOX,0.0,deleterious,,,0,1,2.6,vus
p.A276V,p.Ala276Val,NM_000546.6:c.827C>T,276,A,V,1.0,1,Interaction with CCAR2; Required for interaction with ZNF385A; Interaction with HIPK1; DNA binding; Interaction with AXIN1; Interaction with E4F1; Interaction with DNA,0.0,deleterious,,,0,1,2.6,vus
p.L137Q,p.Leu137Gln,NM_000546.6:c.410T>A,137,L,Q,1.0,1,Interaction with CCAR2; Required for interaction with ZNF385A; Interaction with HIPK1; DNA binding; Required for interaction with FBXO42; Interaction with AXIN1,0.0,deleterious,,,0,1,2.6,vus
p.E271Q,p.Glu271Gln,NM_000546.6:c.811G>C,271,E,Q,1.0,1,Interaction with CCAR2; Required for interaction with ZNF385A; Interaction with HIPK1; DNA binding; Interaction with AXIN1; Interaction with E4F1,0.0,deleterious,,,0,1,2.6,vus
p.P177T,p.Pro177Thr,NM_000546.6:c.529C>A,177,P,T,1.0,1,Interaction with CCAR2; Required for interaction with ZNF385A; Interaction with HIPK1; DNA binding; Required for interaction with FBXO42; Interaction with AXIN1,0.0,deleterious,,,0,1,2.6,vus
p.T125A,p.Thr125Ala,NM_000546.6:c.373A>G,125,T,A,1.0,1,Interaction with CCAR2; Required for interaction with ZNF385A; Interaction with HIPK1; DNA binding; Required for interaction with FBXO42; Interaction with AXIN1,0.0,deleterious,,,0,1,2.6,vus
p.P98T,p.Pro98Thr,NM_000546.6:c.292C>A,98,P,T,1.0,1,Interaction with CCAR2; Interaction with WWOX,0.0,deleterious,,,0,1,2.6,vus
p.V172G,p.Val172Gly,NM_000546.6:c.515T>G,172,V,G,1.0,1,Interaction with CCAR2; Required for interaction with ZNF385A; Interaction with HIPK1; DNA binding; Required for interaction with FBXO42; Interaction with AXIN1,0.0,deleterious,,,0,1,2.6,vus
p.V272A,p.Val272Ala,NM_000546.6:c.815T>C,272,V,A,1.0,1,Interaction with CCAR2; Required for interaction with ZNF385A; Interaction with HIPK1; DNA binding; Interaction with AXIN1; Interaction with E4F1,0.0,deleterious,,,0,1,2.6,vus
p.P219T,p.Pro219Thr,NM_000546.6:c.655C>A,219,P,T,1.0,1,Interaction with CCAR2; Required for interaction with ZNF385A; Interaction with HIPK1; DNA binding; Required for interaction with FBXO42; Interaction with AXIN1,0.0,deleterious,,,0,1,2.6,vus
p.H178R,p.His178Arg,NM_000546.6:c.533A>G,178,H,R,1.0,1,Interaction with CCAR2; Required for interaction with ZNF385A; Interaction with HIPK1; DNA binding; Required for interaction with FBXO42; Interaction with AXIN1,0.0,deleterious,,,0,1,2.6,vus
p.Y103S,p.Tyr103Ser,NM_000546.6:c.308A>C,103,Y,S,1.0,1,Interaction with CCAR2; Interaction with WWOX; Required for interaction with ZNF385A; Interaction with HIPK1; DNA binding,0.0,deleterious,,,0,1,2.6,vus
p.A159F,p.Ala159Phe,NM_000546.6:c.475_476delinsTT,159,A,F,1.0,1,Interaction with CCAR2; Required for interaction with ZNF385A; Interaction with HIPK1; DNA binding; Required for interaction with FBXO42; Interaction with AXIN1,0.0,deleterious,,,0,1,2.6,vus
p.P152T,p.Pro152Thr,NM_000546.6:c.454C>A,152,P,T,1.0,1,Interaction with CCAR2; Required for interaction with ZNF385A; Interaction with HIPK1; DNA binding; Required for interaction with FBXO42; Interaction with AXIN1,0.0,deleterious,,,0,1,2.6,vus
p.L194P,p.Leu194Pro,NM_000546.6:c.581T>C,194,L,P,1.0,1,Interaction with CCAR2; Required for interaction with ZNF385A; Interaction with HIPK1; DNA binding; Required for interaction with FBXO42; Interaction with AXIN1,0.0,deleterious,,,0,1,2.6,vus
p.H214N,p.His214Asn,NM_000546.6:c.640C>A,214,H,N,0.9032258064516128,1,Interaction with CCAR2; Required for interaction with ZNF385A; Interaction with HIPK1; DNA binding; Required for interaction with FBXO42; Interaction with AXIN1,0.01,deleterious,,,0,2,2.593225806451613,vus
p.A138T,p.Ala138Thr,NM_000546.6:c.412G>A,138,A,T,1.0,1,Interaction with CCAR2; Required for interaction with ZNF385A; Interaction with HIPK1; DNA binding; Required for interaction with FBXO42; Interaction with AXIN1,0.01,deleterious,,,0,1,2.5900000000000003,vus
p.P177S,p.Pro177Ser,NM_000546.6:c.529C>T,177,P,S,1.0,1,Interaction with CCAR2; Required for interaction with ZNF385A; Interaction with HIPK1; DNA binding; Required for interaction with FBXO42; Interaction with AXIN1,0.01,deleterious,,,0,1,2.5900000000000003,vus
p.P219L,p.Pro219Leu,NM_000546.6:c.656C>T,219,P,L,1.0,1,Interaction with CCAR2; Required for interaction with ZNF385A; Interaction with HIPK1; DNA binding; Required for interaction with FBXO42; Interaction with AXIN1,0.01,deleterious,,,0,1,2.5900000000000003,vus
p.V97A,p.Val97Ala,NM_000546.6:c.290T>C,97,V,A,1.0,1,Interaction with CCAR2; Interaction with WWOX,0.01,deleterious,,,0,1,2.5900000000000003,vus
p.R174S,p.Arg174Ser,NM_000546.6:c.522G>C,174,R,S,0.9032258064516128,1,Interaction with CCAR2; Required for interaction with ZNF385A; Interaction with HIPK1; DNA binding; Required for interaction with FBXO42; Interaction with AXIN1,0.02,deleterious,,,0,2,2.5832258064516127,vus
p.E271D,p.Glu271Asp,NM_000546.6:c.813G>T,271,E,D,1.0,1,Interaction with CCAR2; Required for interaction with ZNF385A; Interaction with HIPK1; DNA binding; Interaction with AXIN1; Interaction with E4F1,0.02,deleterious,,,0,1,2.58,vus
p.E286D,p.Glu286Asp,NM_000546.6:c.858A>C,286,E,D,1.0,1,Interaction with CCAR2; Required for interaction with ZNF385A; Interaction with HIPK1; DNA binding; Interaction with AXIN1; Interaction with E4F1; Disordered,0.02,deleterious,,,0,1,2.58,vus
p.C277W,p.Cys277Trp,NM_000546.6:c.831T>G,277,C,W,1.0,1,Interaction with CCAR2; Required for interaction with ZNF385A; Interaction with HIPK1; DNA binding; Interaction with AXIN1; Interaction with E4F1; Interaction with DNA,0.02,deleterious,,,0,1,2.58,vus
p.P223L,p.Pro223Leu,NM_000546.6:c.668C>T,223,P,L,1.0,1,Interaction with CCAR2; Required for interaction with ZNF385A; Interaction with HIPK1; DNA binding; Required for interaction with FBXO42; Interaction with AXIN1,0.02,deleterious,,,0,1,2.58,vus
p.V143E,p.Val143Glu,NM_000546.6:c.428T>A,143,V,E,0.8709677419354839,1,Interaction with CCAR2; Required for interaction with ZNF385A; Interaction with HIPK1; DNA binding; Required for interaction with FBXO42; Interaction with AXIN1,0.0,deleterious,,,0,2,2.570967741935484,vus
p.F134S,p.Phe134Ser,NM_000546.6:c.401T>C,134,F,S,0.8709677419354839,1,Interaction with CCAR2; Required for interaction with ZNF385A; Interaction with HIPK1; DNA binding; Required for interaction with FBXO42; Interaction with AXIN1,0.0,deleterious,,,0,2,2.570967741935484,vus
p.V274E,p.Val274Glu,NM_000546.6:c.821_822inv,274,V,E,0.8709677419354839,1,Interaction with CCAR2; Required for interaction with ZNF385A; Interaction with HIPK1; DNA binding; Interaction with AXIN1; Interaction with E4F1; Interaction with DNA,0.0,deleterious,,,0,2,2.570967741935484,vus
p.E326D,p.Glu326Asp,NM_000546.6:c.978A>T,326,E,D,1.0,1,Interaction with HIPK1; Interaction with CARM1; Interaction with HIPK2; Oligomerization,0.03,deleterious,,,0,1,2.57,vus
p.T230A,p.Thr230Ala,NM_000546.6:c.688A>G,230,T,A,1.0,1,Interaction with CCAR2; Required for interaction with ZNF385A; Interaction with HIPK1; DNA binding; Required for interaction with FBXO42; Interaction with AXIN1,0.03,deleterious,,,0,1,2.57,vus
p.G154C,p.Gly154Cys,NM_000546.6:c.460G>T,154,G,C,0.967741935483871,1,Interaction with CCAR2; Required for interaction with ZNF385A; Interaction with HIPK1; DNA binding; Required for interaction with FBXO42; Interaction with AXIN1,0.0,deleterious,,,0,1,2.567741935483871,vus
p.P142T,p.Pro142Thr,NM_000546.6:c.424C>A,142,P,T,0.967741935483871,1,Interaction with CCAR2; Required for interaction with ZNF385A; Interaction with HIPK1; DNA binding; Required for interaction with FBXO42; Interaction with AXIN1,0.0,deleterious,,,0,1,2.567741935483871,vus
p.A161V,p.Ala161Val,NM_000546.6:c.482C>T,161,A,V,0.967741935483871,1,Interaction with CCAR2; Required for interaction with ZNF385A; Interaction with HIPK1; DNA binding; Required for interaction with FBXO42; Interaction with AXIN1,0.0,deleterious,,,0,1,2.567741935483871,vus
p.Y126S,p.Tyr126Ser,NM_000546.6:c.377A>C,126,Y,S,0.967741935483871,1,Interaction with CCAR2; Required for interaction with ZNF385A; Interaction with HIPK1; DNA binding; Required for interaction with FBXO42; Interaction with AXIN1,0.0,deleterious,,,0,1,2.567741935483871,vus
p.P250T,p.Pro250Thr,NM_000546.6:c.748C>A,250,P,T,0.967741935483871,1,Interaction with CCAR2; Required for interaction with ZNF385A; Interaction with HIPK1; DNA binding; Interaction with AXIN1,0.0,deleterious,,,0,1,2.567741935483871,vus
p.P250S,p.Pro250Ser,NM_000546.6:c.748C>T,250,P,S,0.967741935483871,1,Interaction with CCAR2; Required for interaction with ZNF385A; Interaction with HIPK1; DNA binding; Interaction with AXIN1,0.0,deleterious,,,0,1,2.567741935483871,vus
p.L252F,p.Leu252Phe,NM_000546.6:c.754C>T,252,L,F,0.967741935483871,1,Interaction with CCAR2; Required for interaction with ZNF385A; Interaction with HIPK1; DNA binding; Interaction with AXIN1,0.0,deleterious,,,0,1,2.567741935483871,vus
p.T231A,p.Thr231Ala,NM_000546.6:c.691A>G,231,T,A,0.967741935483871,1,Interaction with CCAR2; Required for interaction with ZNF385A; Interaction with HIPK1; DNA binding; Required for interaction with FBXO42; Interaction with AXIN1,0.0,deleterious,,,0,1,2.567741935483871,vus
p.Q136L,p.Gln136Leu,NM_000546.6:c.407A>T,136,Q,L,0.967741935483871,1,Interaction with CCAR2; Required for interaction with ZNF385A; Interaction with HIPK1; DNA binding; Required for interaction with FBXO42; Interaction with AXIN1,0.0,deleterious,,,0,1,2.567741935483871,vus
p.P142S,p.Pro142Ser,NM_000546.6:c.424C>T,142,P,S,0.967741935483871,1,Interaction with CCAR2; Required for interaction with ZNF385A; Interaction with HIPK1; DNA binding; Required for interaction with FBXO42; Interaction with AXIN1,0.0,deleterious,,,0,1,2.567741935483871,vus
p.E285Q,p.Glu285Gln,NM_000546.6:c.853G>C,285,E,Q,0.967741935483871,1,Interaction with CCAR2; Required for interaction with ZNF385A; Interaction with HIPK1; DNA binding; Interaction with AXIN1; Interaction with E4F1; Disordered,0.0,deleterious,,,0,1,2.567741935483871,vus
p.S392P,p.Ser392Pro,NM_000546.6:c.1174T>C,392,S,P,0.9629629629629628,1,Interaction with CARM1; Disordered; Interaction with MORN3,0.0,deleterious,,,0,1,2.562962962962963,vus
p.K382T,p.Lys382Thr,NM_000546.6:c.1145A>C,382,K,T,0.8709677419354839,1,Interaction with CARM1; Disordered; Basic (repression of DNA-binding); Interaction with MORN3,0.01,deleterious,,,0,2,2.560967741935484,vus
p.D208E,p.Asp208Glu,NM_000546.6:c.624C>G,208,D,E,0.967741935483871,1,Interaction with CCAR2; Required for interaction with ZNF385A; Interaction with HIPK1; DNA binding; Required for interaction with FBXO42; Interaction with AXIN1,0.01,deleterious,,,0,1,2.5577419354838713,vus
p.A276T,p.Ala276Thr,NM_000546.6:c.826G>A,276,A,T,1.0,1,Interaction with CCAR2; Required for interaction with ZNF385A; Interaction with HIPK1; DNA binding; Interaction with AXIN1; Interaction with E4F1; Interaction with DNA,0.05,tolerated,,,0,1,2.5500000000000003,vus
p.V122A,p.Val122Ala,NM_000546.6:c.365T>C,122,V,A,1.0,1,Interaction with CCAR2; Required for interaction with ZNF385A; Interaction with HIPK1; DNA binding; Required for interaction with FBXO42; Interaction with AXIN1,0.05,deleterious,,,0,1,2.5500000000000003,vus
p.N200H,p.Asn200His,NM_000546.6:c.598A>C,200,N,H,0.8387096774193549,1,Interaction with CCAR2; Required for interaction with ZNF385A; Interaction with HIPK1; DNA binding; Required for interaction with FBXO42; Interaction with AXIN1,0.0,deleterious,,,0,2,2.538709677419355,vus
p.D391E,p.Asp391Glu,NM_000546.6:c.1173C>G,391,D,E,0.9655172413793104,1,Interaction with CARM1; Disordered; Interaction with MORN3,0.03,deleterious,,,0,1,2.5355172413793103,vus
p.V197A,p.Val197Ala,NM_000546.6:c.590T>C,197,V,A,0.935483870967742,1,Interaction with CCAR2; Required for interaction with ZNF385A; Interaction with HIPK1; DNA binding; Required for interaction with FBXO42; Interaction with AXIN1,0.0,deleterious,,,0,1,2.535483870967742,vus
p.F109Y,p.Phe109Tyr,NM_000546.6:c.326T>A,109,F,Y,0.935483870967742,1,Interaction with CCAR2; Interaction with WWOX; Required for interaction with ZNF385A; Interaction with HIPK1; DNA binding,0.0,deleterious,,,0,1,2.535483870967742,vus
p.N288D,p.Asn288Asp,NM_000546.6:c.862A>G,288,N,D,0.935483870967742,1,Interaction with CCAR2; Required for interaction with ZNF385A; Interaction with HIPK1; DNA binding; Interaction with AXIN1; Interaction with E4F1; Disordered,0.0,deleterious,,,0,1,2.535483870967742,vus
p.L330F,p.Leu330Phe,NM_000546.6:c.988C>T,330,L,F,0.935483870967742,1,Interaction with HIPK1; Interaction with CARM1; Interaction with HIPK2; Oligomerization,0.0,deleterious,,,0,1,2.535483870967742,vus
p.V197G,p.Val197Gly,NM_000546.6:c.590T>G,197,V,G,0.935483870967742,1,Interaction with CCAR2; Required for interaction with ZNF385A; Interaction with HIPK1; DNA binding; Required for interaction with FBXO42; Interaction with AXIN1,0.0,deleterious,,,0,1,2.535483870967742,vus
p.L330P,p.Leu330Pro,NM_000546.6:c.989T>C,330,L,P,0.935483870967742,1,Interaction with HIPK1; Interaction with CARM1; Interaction with HIPK2; Oligomerization,0.0,deleterious,,,0,1,2.535483870967742,vus
p.L350P,p.Leu350Pro,NM_000546.6:c.1049T>C,350,L,P,0.935483870967742,1,Interaction with HIPK1; Interaction with CARM1; Interaction with HIPK2; Oligomerization; Nuclear export signal,0.0,deleterious,,,0,1,2.535483870967742,vus
p.V147A,p.Val147Ala,NM_000546.6:c.440T>C,147,V,A,0.935483870967742,1,Interaction with CCAR2; Required for interaction with ZNF385A; Interaction with HIPK1; DNA binding; Required for interaction with FBXO42; Interaction with AXIN1,0.01,deleterious,,,0,1,2.5254838709677423,vus
p.G117V,p.Gly117Val,NM_000546.6:c.350G>T,117,G,V,0.935483870967742,1,Interaction with CCAR2; Required for interaction with ZNF385A; Interaction with HIPK1; DNA binding; Required for interaction with FBXO42; Interaction with AXIN1,0.02,deleterious,,,0,1,2.515483870967742,vus
p.T211A,p.Thr211Ala,NM_000546.6:c.631A>G,211,T,A,0.935483870967742,1,Interaction with CCAR2; Required for interaction with ZNF385A; Interaction with HIPK1; DNA binding; Required for interaction with FBXO42; Interaction with AXIN1,0.02,deleterious,,,0,1,2.515483870967742,vus
p.D184H,p.Asp184His,NM_000546.6:c.550G>C,184,D,H,0.8076923076923077,1,Interaction with CCAR2; Required for interaction with ZNF385A; Interaction with HIPK1; DNA binding; Required for interaction with FBXO42; Interaction with AXIN1,0.0,deleterious,,,0,2,2.5076923076923077,vus
p.I332T,p.Ile332Thr,NM_000546.6:c.995T>C,332,I,T,0.8064516129032258,1,Interaction with HIPK1; Interaction with CARM1; Interaction with HIPK2; Oligomerization,0.0,deleterious,,,0,2,2.506451612903226,vus
p.F328S,p.Phe328Ser,NM_000546.6:c.983T>C,328,F,S,0.8064516129032258,1,Interaction with HIPK1; Interaction with CARM1; Interaction with HIPK2; Oligomerization,0.0,deleterious,,,0,2,2.506451612903226,vus
p.D352H,p.Asp352His,NM_000546.6:c.1054G>C,352,D,H,0.8064516129032258,1,Interaction with HIPK1; Interaction with CARM1; Interaction with HIPK2; Oligomerization; Disordered,0.0,deleterious,,,0,2,2.506451612903226,vus
p.I255S,p.Ile255Ser,NM_000546.6:c.764T>G,255,I,S,0.8064516129032258,1,Interaction with CCAR2; Required for interaction with ZNF385A; Interaction with HIPK1; DNA binding; Interaction with AXIN1,0.0,deleterious,,,0,2,2.506451612903226,vus
p.I255T,p.Ile255Thr,NM_000546.6:c.764T>C,255,I,T,0.8064516129032258,1,Interaction with CCAR2; Required for interaction with ZNF385A; Interaction with HIPK1; DNA binding; Interaction with AXIN1,0.0,deleterious,,,0,2,2.506451612903226,vus
p.R174W,p.Arg174Trp,NM_000546.6:c.520A>T,174,R,W,0.9032258064516128,1,Interaction with CCAR2; Required for interaction with ZNF385A; Interaction with HIPK1; DNA binding; Required for interaction with FBXO42; Interaction with AXIN1,0.0,deleterious,,,0,1,2.503225806451613,vus
p.N345S,p.Asn345Ser,NM_000546.6:c.1034A>G,345,N,S,1.0,1,Interaction with HIPK1; Interaction with CARM1; Interaction with HIPK2; Oligomerization; Nuclear export signal,0.0,deleterious,,,0,0,2.5,vus
p.I254M,p.Ile254Met,NM_000546.6:c.762C>G,254,I,M,1.0,1,Interaction with CCAR2; Required for interaction with ZNF385A; Interaction with HIPK1; DNA binding; Interaction with AXIN1,0.0,deleterious,,,0,0,2.5,vus
p.C275S,p.Cys275Ser,NM_000546.6:c.823T>A,275,C,S,1.0,1,Interaction with CCAR2; Required for interaction with ZNF385A; Interaction with HIPK1; DNA binding; Interaction with AXIN1; Interaction with E4F1; Interaction with DNA,0.0,deleterious,,,0,0,2.5,vus
p.M243L,p.Met243Leu,NM_000546.6:c.727A>C,243,M,L,1.0,1,Interaction with CCAR2; Required for interaction with ZNF385A; Interaction with HIPK1; DNA binding; Interaction with AXIN1; Interaction with the 53BP2 SH3 domain,0.0,deleterious,,,0,0,2.5,vus
p.I251M,p.Ile251Met,NM_000546.6:c.753C>G,251,I,M,1.0,1,Interaction with CCAR2; Required for interaction with ZNF385A; Interaction with HIPK1; DNA binding; Interaction with AXIN1,0.0,deleterious,,,0,0,2.5,vus
p.P177A,p.Pro177Ala,NM_000546.6:c.529C>G,177,P,A,1.0,1,Interaction with CCAR2; Required for interaction with ZNF385A; Interaction with HIPK1; DNA binding; Required for interaction with FBXO42; Interaction with AXIN1,0.0,deleterious,,,0,0,2.5,vus
p.P219A,p.Pro219Ala,NM_000546.6:c.655C>G,219,P,A,1.0,1,Interaction with CCAR2; Required for interaction with ZNF385A; Interaction with HIPK1; DNA binding; Required for interaction with FBXO42; Interaction with AXIN1,0.0,deleterious,,,0,0,2.5,vus
p.V122L,p.Val122Leu,NM_000546.6:c.364G>T,122,V,L,1.0,1,Interaction with CCAR2; Required for interaction with ZNF385A; Interaction with HIPK1; DNA binding; Required for interaction with FBXO42; Interaction with AXIN1,0.0,deleterious,,,0,0,2.5,vus
p.C242S,p.Cys242Ser,NM_000546.6:c.725_726delinsCA,242,C,S,1.0,1,Interaction with CCAR2; Required for interaction with ZNF385A; Interaction with HIPK1; DNA binding; Interaction with AXIN1; Interaction with the 53BP2 SH3 domain; Binding site,0.0,deleterious,,,0,0,2.5,vus
p.P98A,p.Pro98Ala,NM_000546.6:c.292C>G,98,P,A,1.0,1,Interaction with CCAR2; Interaction with WWOX,0.0,deleterious,,,0,0,2.5,vus
p.L137V,p.Leu137Val,NM_000546.6:c.409C>G,137,L,V,1.0,1,Interaction with CCAR2; Required for interaction with ZNF385A; Interaction with HIPK1; DNA binding; Required for interaction with FBXO42; Interaction with AXIN1,0.0,deleterious,,,0,0,2.5,vus
p.L257V,p.Leu257Val,NM_000546.6:c.769C>G,257,L,V,1.0,1,Interaction with CCAR2; Required for interaction with ZNF385A; Interaction with HIPK1; DNA binding; Interaction with AXIN1; Interaction with E4F1,0.0,deleterious,,,0,0,2.5,vus
p.K120R,p.Lys120Arg,NM_000546.6:c.359A>G,120,K,R,1.0,1,Interaction with CCAR2; Required for interaction with ZNF385A; Interaction with HIPK1; DNA binding; Required for interaction with FBXO42; Interaction with AXIN1; Interaction with DNA,0.0,deleterious,,,0,0,2.5,vus
p.M246L,p.Met246Leu,NM_000546.6:c.736A>T,246,M,L,1.0,1,Interaction with CCAR2; Required for interaction with ZNF385A; Interaction with HIPK1; DNA binding; Interaction with AXIN1; Interaction with the 53BP2 SH3 domain,0.0,deleterious,,,0,0,2.5,vus
p.T253N,p.Thr253Asn,NM_000546.6:c.758C>A,253,T,N,1.0,1,Interaction with CCAR2; Required for interaction with ZNF385A; Interaction with HIPK1; DNA binding; Interaction with AXIN1,0.01,deleterious,,,0,0,2.49,vus
p.M243I,p.Met243Ile,NM_000546.6:c.729G>A,243,M,I,1.0,1,Interaction with CCAR2; Required for interaction with ZNF385A; Interaction with HIPK1; DNA binding; Interaction with AXIN1; Interaction with the 53BP2 SH3 domain,0.01,deleterious,,,0,0,2.49,vus
p.V172I,p.Val172Ile,NM_000546.6:c.514G>A,172,V,I,1.0,1,Interaction with CCAR2; Required for interaction with ZNF385A; Interaction with HIPK1; DNA binding; Required for interaction with FBXO42; Interaction with AXIN1,0.01,deleterious,,,0,0,2.49,vus
p.C277S,p.Cys277Ser,NM_000546.6:c.830G>C,277,C,S,1.0,1,Interaction with CCAR2; Required for interaction with ZNF385A; Interaction with HIPK1; DNA binding; Interaction with AXIN1; Interaction with E4F1; Interaction with DNA,0.01,deleterious,,,0,0,2.49,vus
p.G105A,p.Gly105Ala,NM_000546.6:c.314_315delinsCA,105,G,A,1.0,1,Interaction with CCAR2; Interaction with WWOX; Required for interaction with ZNF385A; Interaction with HIPK1; DNA binding,0.01,deleterious,,,0,0,2.49,vus
p.M237L,p.Met237Leu,NM_000546.6:c.709A>C,237,M,L,1.0,1,Interaction with CCAR2; Required for interaction with ZNF385A; Interaction with HIPK1; DNA binding; Interaction with AXIN1,0.01,deleterious,,,0,0,2.49,vus
p.A138G,p.Ala138Gly,NM_000546.6:c.413C>G,138,A,G,1.0,1,Interaction with CCAR2; Required for interaction with ZNF385A; Interaction with HIPK1; DNA binding; Required for interaction with FBXO42; Interaction with AXIN1,0.01,deleterious,,,0,0,2.49,vus
p.S215C,p.Ser215Cys,NM_000546.6:c.643A>T,215,S,C,1.0,1,Interaction with CCAR2; Required for interaction with ZNF385A; Interaction with HIPK1; DNA binding; Required for interaction with FBXO42; Interaction with AXIN1,0.01,deleterious,,,0,0,2.49,vus
p.I251V,p.Ile251Val,NM_000546.6:c.751A>G,251,I,V,1.0,1,Interaction with CCAR2; Required for interaction with ZNF385A; Interaction with HIPK1; DNA binding; Interaction with AXIN1,0.02,deleterious,,,0,0,2.48,vus
p.V97I,p.Val97Ile,NM_000546.6:c.289G>A,97,V,I,1.0,1,Interaction with CCAR2; Interaction with WWOX,0.02,deleterious,,,0,0,2.48,vus
p.G226S,p.Gly226Ser,NM_000546.6:c.676G>A,226,G,S,0.9032258064516128,1,Interaction with CCAR2; Required for interaction with ZNF385A; Interaction with HIPK1; DNA binding; Required for interaction with FBXO42; Interaction with AXIN1,0.03,deleterious,,,0,1,2.473225806451613,vus
p.G108V,p.Gly108Val,NM_000546.6:c.323G>T,108,G,V,0.8709677419354839,1,Interaction with CCAR2; Interaction with WWOX; Required for interaction with ZNF385A; Interaction with HIPK1; DNA binding,0.0,deleterious,,,0,1,2.470967741935484,vus
p.F134L,p.Phe134Leu,NM_000546.6:c.400T>C,134,F,L,0.8709677419354839,1,Interaction with CCAR2; Required for interaction with ZNF385A; Interaction with HIPK1; DNA binding; Required for interaction with FBXO42; Interaction with AXIN1,0.0,deleterious,,,0,1,2.470967741935484,vus
p.K139R,p.Lys139Arg,NM_000546.6:c.416A>G,139,K,R,1.0,1,Interaction with CCAR2; Required for interaction with ZNF385A; Interaction with HIPK1; DNA binding; Required for interaction with FBXO42; Interaction with AXIN1,0.03,deleterious,,,0,0,2.4699999999999998,vus
p.A161G,p.Ala161Gly,NM_000546.6:c.482_483delinsGA,161,A,G,0.967741935483871,1,Interaction with CCAR2; Required for interaction with ZNF385A; Interaction with HIPK1; DNA binding; Required for interaction with FBXO42; Interaction with AXIN1,0.0,deleterious,,,0,0,2.467741935483871,vus
p.A119P,p.Ala119Pro,NM_000546.6:c.355G>C,119,A,P,0.967741935483871,1,Interaction with CCAR2; Required for interaction with ZNF385A; Interaction with HIPK1; DNA binding; Required for interaction with FBXO42; Interaction with AXIN1,0.0,deleterious,,,0,0,2.467741935483871,vus
p.L348V,p.Leu348Val,NM_000546.6:c.1042T>G,348,L,V,0.967741935483871,1,Interaction with HIPK1; Interaction with CARM1; Interaction with HIPK2; Oligomerization; Nuclear export signal,0.0,deleterious,,,0,0,2.467741935483871,vus
p.T231S,p.Thr231Ser,NM_000546.6:c.692C>G,231,T,S,0.967741935483871,1,Interaction with CCAR2; Required for interaction with ZNF385A; Interaction with HIPK1; DNA binding; Required for interaction with FBXO42; Interaction with AXIN1,0.0,deleterious,,,0,0,2.467741935483871,vus
p.P142A,p.Pro142Ala,NM_000546.6:c.424C>G,142,P,A,0.967741935483871,1,Interaction with CCAR2; Required for interaction with ZNF385A; Interaction with HIPK1; DNA binding; Required for interaction with FBXO42; Interaction with AXIN1,0.0,deleterious,,,0,0,2.467741935483871,vus
p.T140S,p.Thr140Ser,NM_000546.6:c.418A>T,140,T,S,0.967741935483871,1,Interaction with CCAR2; Required for interaction with ZNF385A; Interaction with HIPK1; DNA binding; Required for interaction with FBXO42; Interaction with AXIN1,0.01,deleterious,,,0,0,2.457741935483871,vus
p.G154A,p.Gly154Ala,NM_000546.6:c.461G>C,154,G,A,0.967741935483871,1,Interaction with CCAR2; Required for interaction with ZNF385A; Interaction with HIPK1; DNA binding; Required for interaction with FBXO42; Interaction with AXIN1,0.02,deleterious,,,0,0,2.447741935483871,vus
p.P190T,p.Pro190Thr,NM_000546.6:c.568C>A,190,P,T,0.8387096774193549,1,Interaction with CCAR2; Required for interaction with ZNF385A; Interaction with HIPK1; DNA binding; Required for interaction with FBXO42; Interaction with AXIN1,0.0,deleterious,,,0,1,2.438709677419355,vus
p.N200Y,p.Asn200Tyr,NM_000546.6:c.598A>T,200,N,Y,0.8387096774193549,1,Interaction with CCAR2; Required for interaction with ZNF385A; Interaction with HIPK1; DNA binding; Required for interaction with FBXO42; Interaction with AXIN1,0.0,deleterious,,,0,1,2.438709677419355,vus
p.N200D,p.Asn200Asp,NM_000546.6:c.598A>G,200,N,D,0.8387096774193549,1,Interaction with CCAR2; Required for interaction with ZNF385A; Interaction with HIPK1; DNA binding; Required for interaction with FBXO42; Interaction with AXIN1,0.0,deleterious,,,0,1,2.438709677419355,vus
p.T123S,p.Thr123Ser,NM_000546.6:c.368C>G,123,T,S,0.935483870967742,1,Interaction with CCAR2; Required for interaction with ZNF385A; Interaction with HIPK1; DNA binding; Required for interaction with FBXO42; Interaction with AXIN1,0.0,deleterious,,,0,0,2.435483870967742,vus
p.V197L,p.Val197Leu,NM_000546.6:c.589G>T,197,V,L,0.935483870967742,1,Interaction with CCAR2; Required for interaction with ZNF385A; Interaction with HIPK1; DNA binding; Required for interaction with FBXO42; Interaction with AXIN1,0.0,deleterious,,,0,0,2.435483870967742,vus
p.V147I,p.Val147Ile,NM_000546.6:c.439G>A,147,V,I,0.935483870967742,1,Interaction with CCAR2; Required for interaction with ZNF385A; Interaction with HIPK1; DNA binding; Required for interaction with FBXO42; Interaction with AXIN1,0.0,deleterious,,,0,0,2.435483870967742,vus
p.A189S,p.Ala189Ser,NM_000546.6:c.565G>T,189,A,S,0.8387096774193549,1,Interaction with CCAR2; Required for interaction with ZNF385A; Interaction with HIPK1; DNA binding; Required for interaction with FBXO42; Interaction with AXIN1,0.01,deleterious,,,0,1,2.428709677419355,vus
p.L111M,p.Leu111Met,NM_000546.6:c.331C>A,111,L,M,0.935483870967742,1,Interaction with CCAR2; Required for interaction with ZNF385A; Interaction with HIPK1; DNA binding,0.01,deleterious,,,0,0,2.425483870967742,vus
p.N288T,p.Asn288Thr,NM_000546.6:c.863A>C,288,N,T,0.935483870967742,1,Interaction with CCAR2; Required for interaction with ZNF385A; Interaction with HIPK1; DNA binding; Interaction with AXIN1; Interaction with E4F1; Disordered,0.01,deleterious,,,0,0,2.425483870967742,vus
p.G117A,p.Gly117Ala,NM_000546.6:c.350G>C,117,G,A,0.935483870967742,1,Interaction with CCAR2; Required for interaction with ZNF385A; Interaction with HIPK1; DNA binding; Required for interaction with FBXO42; Interaction with AXIN1,0.01,deleterious,,,0,0,2.425483870967742,vus
p.P190S,p.Pro190Ser,NM_000546.6:c.568C>T,190,P,S,0.8387096774193549,1,Interaction with CCAR2; Required for interaction with ZNF385A; Interaction with HIPK1; DNA binding; Required for interaction with FBXO42; Interaction with AXIN1,0.02,deleterious,,,0,1,2.418709677419355,vus
p.P250A,p.Pro250Ala,NM_000546.6:c.748C>G,250,P,A,0.967741935483871,1,Interaction with CCAR2; Required for interaction with ZNF385A; Interaction with HIPK1; DNA binding; Interaction with AXIN1,0.05,tolerated,,,0,0,2.417741935483871,vus
p.E180D,p.Glu180Asp,NM_000546.6:c.540G>C,180,E,D,0.8064516129032258,1,Interaction with CCAR2; Required for interaction with ZNF385A; Interaction with HIPK1; DNA binding; Required for interaction with FBXO42; Interaction with AXIN1,0.0,deleterious,,,0,1,2.406451612903226,vus
p.Y234Q,p.Tyr234Gln,NM_000546.6:c.700_702delinsCAG,234,Y,Q,0.8064516129032258,1,Interaction with CCAR2; Required for interaction with ZNF385A; Interaction with HIPK1; DNA binding; Required for interaction with FBXO42; Interaction with AXIN1,0.0,deleterious,,,0,1,2.406451612903226,vus
p.N131S,p.Asn131Ser,NM_000546.6:c.392A>G,131,N,S,0.9032258064516128,1,Interaction with CCAR2; Required for interaction with ZNF385A; Interaction with HIPK1; DNA binding; Required for interaction with FBXO42; Interaction with AXIN1,0.0,deleterious,,,0,0,2.403225806451613,vus
p.C124G,p.Cys124Gly,NM_000546.6:c.370T>G,124,C,G,0.8064516129032258,1,Interaction with CCAR2; Required for interaction with ZNF385A; Interaction with HIPK1; DNA binding; Required for interaction with FBXO42; Interaction with AXIN1,0.01,deleterious,,,0,1,2.396451612903226,vus
p.T211S,p.Thr211Ser,NM_000546.6:c.632C>G,211,T,S,0.935483870967742,1,Interaction with CCAR2; Required for interaction with ZNF385A; Interaction with HIPK1; DNA binding; Required for interaction with FBXO42; Interaction with AXIN1,0.04,deleterious,,,0,0,2.395483870967742,vus
p.G226A,p.Gly226Ala,NM_000546.6:c.677G>C,226,G,A,0.9032258064516128,1,Interaction with CCAR2; Required for interaction with ZNF385A; Interaction with HIPK1; DNA binding; Required for interaction with FBXO42; Interaction with AXIN1,0.01,deleterious,,,0,0,2.3932258064516128,vus
p.A189T,p.Ala189Thr,NM_000546.6:c.565G>A,189,A,T,0.8387096774193549,1,Interaction with CCAR2; Required for interaction with ZNF385A; Interaction with HIPK1; DNA binding; Required for interaction with FBXO42; Interaction with AXIN1,0.05,deleterious,,,0,1,2.388709677419355,vus
p.S378Y,p.Ser378Tyr,NM_000546.6:c.1133C>A,378,S,Y,0.8064516129032258,1,Interaction with CARM1; Disordered; Basic (repression of DNA-binding); Interaction with MORN3,0.03,deleterious,,,0,1,2.376451612903226,vus
p.V143L,p.Val143Leu,NM_000546.6:c.427G>T,143,V,L,0.8709677419354839,1,Interaction with CCAR2; Required for interaction with ZNF385A; Interaction with HIPK1; DNA binding; Required for interaction with FBXO42; Interaction with AXIN1,0.0,deleterious,,,0,0,2.370967741935484,vus
p.I195M,p.Ile195Met,NM_000546.6:c.585C>G,195,I,M,0.9032258064516128,1,Interaction with CCAR2; Required for interaction with ZNF385A; Interaction with HIPK1; DNA binding; Required for interaction with FBXO42; Interaction with AXIN1,0.04,deleterious,,,0,0,2.363225806451613,vus
p.A189G,p.Ala189Gly,NM_000546.6:c.566C>G,189,A,G,0.8387096774193549,1,Interaction with CCAR2; Required for interaction with ZNF385A; Interaction with HIPK1; DNA binding; Required for interaction with FBXO42; Interaction with AXIN1,0.0,deleterious,,,0,0,2.338709677419355,vus
p.P190A,p.Pro190Ala,NM_000546.6:c.568C>G,190,P,A,0.8387096774193549,1,Interaction with CCAR2; Required for interaction with ZNF385A; Interaction with HIPK1; DNA binding; Required for interaction with FBXO42; Interaction with AXIN1,0.03,deleterious,,,0,0,2.3087096774193547,vus
p.I332M,p.Ile332Met,NM_000546.6:c.996C>G,332,I,M,0.8064516129032258,1,Interaction with HIPK1; Interaction with CARM1; Interaction with HIPK2; Oligomerization,0.0,deleterious,,,0,0,2.306451612903226,vus
p.M133V,p.Met133Val,NM_000546.6:c.397A>G,133,M,V,0.8064516129032258,1,Interaction with CCAR2; Required for interaction with ZNF385A; Interaction with HIPK1; DNA binding; Required for interaction with FBXO42; Interaction with AXIN1,0.01,deleterious,,,0,0,2.2964516129032257,vus
p.L264I,p.Leu264Ile,NM_000546.6:c.790C>A,264,L,I,0.8064516129032258,1,Interaction with CCAR2; Required for interaction with ZNF385A; Interaction with HIPK1; DNA binding; Interaction with AXIN1; Interaction with E4F1,0.02,deleterious,,,0,0,2.2864516129032255,vus
