hgvs_refseq,sift_score,sift_prediction,polyphen_score,polyphen_prediction,most_severe_consequence
NM_000546.6:c.742C>T,0.0,deleterious,,,missense_variant
NM_000546.6:c.772G>A,0.0,deleterious,,,missense_variant
NM_000546.6:c.733G>T,0.0,deleterious,,,missense_variant
NM_000546.6:c.215C>G,0.14,tolerated,0.047,benign,missense_variant
NM_000546.6:c.747G>T,0.01,deleterious,,,missense_variant
NM_000546.6:c.469G>T,0.0,deleterious,,,missense_variant
NM_000546.6:c.725G>A,0.0,deleterious,,,missense_variant
NM_000546.6:c.734G>A,0.0,deleterious,,,missense_variant
NM_000546.6:c.743G>A,0.01,deleterious,,,missense_variant
NM_000546.6:c.398T>C,0.0,deleterious,,,missense_variant
NM_000546.6:c.814G>T,0.0,deleterious,,,missense_variant
NM_000546.6:c.722C>T,0.0,deleterious,,,missense_variant
NM_000546.6:c.844C>T,0.0,deleterious,,,missense_variant
NM_000546.6:c.733G>A,0.01,deleterious,,,missense_variant
NM_000546.6:c.818G>A,0.07,tolerated,,,missense_variant
NM_000546.6:c.839G>C,0.0,deleterious,,,missense_variant
NM_000546.6:c.451C>A,0.01,deleterious,,,missense_variant
NM_000546.6:c.451C>T,0.01,deleterious,,,missense_variant
NM_000546.6:c.105G>T,0.32,tolerated,0.062,benign,missense_variant
NM_000546.6:c.524G>A,0.08,tolerated,,,missense_variant
NM_000546.6:c.1031T>C,0.02,deleterious,,,missense_variant
NM_000546.6:c.412G>C,0.0,deleterious,,,missense_variant
NM_000546.6:c.875A>T,0.05,tolerated,,,missense_variant
NM_000546.6:c.1010G>A,0.04,deleterious,,,missense_variant
NM_000546.6:c.659A>C,0.0,deleterious,,,missense_variant
NM_000546.6:c.854A>T,0.0,deleterious,,,missense_variant
NM_000546.6:c.1040C>A,0.0,deleterious,,,missense_variant
NM_000546.6:c.139C>T,0.16,tolerated,0.003,benign,missense_variant
NM_000546.6:c.817C>T,0.0,deleterious,,,missense_variant
NM_000546.6:c.1051A>G,0.08,tolerated,,,missense_variant
NM_000546.6:c.1093C>T,0.61,tolerated,,,missense_variant
NM_000546.6:c.400T>C,0.0,deleterious,,,missense_variant
NM_000546.6:c.736A>G,0.0,deleterious,,,missense_variant
NM_000546.6:c.28G>A,0.83,tolerated,0.003,benign,missense_variant
NM_000546.6:c.329G>A,0.22,tolerated,,,missense_variant
NM_000546.6:c.467G>A,0.54,tolerated,,,missense_variant
NM_000546.6:c.488A>G,0.0,deleterious,,,missense_variant
NM_000546.6:c.535C>T,0.0,deleterious,,,missense_variant
NM_000546.6:c.572C>G,0.27,tolerated,,,missense_variant
NM_000546.6:c.580C>T,0.0,deleterious,,,missense_variant
NM_000546.6:c.659A>G,0.0,deleterious,,,missense_variant
NM_000546.6:c.701A>G,0.0,deleterious,,,missense_variant
NM_000546.6:c.704A>G,0.02,deleterious,,,missense_variant
NM_000546.6:c.800G>A,0.0,deleterious,,,missense_variant
NM_000546.6:c.847C>T,0.12,tolerated,,,missense_variant
NM_000546.6:c.869G>A,0.42,tolerated,,,missense_variant
NM_000546.6:c.877G>T,0.16,tolerated,,,missense_variant
NM_000546.6:c.886C>T,0.06,tolerated,,,missense_variant
NM_000546.6:c.460G>A,0.12,tolerated,,,missense_variant
NM_000546.6:c.638G>A,0.02,deleterious,,,missense_variant
NM_000546.6:c.1096T>G,0.18,tolerated,,,missense_variant
NM_000546.6:c.145G>C,0.19,tolerated,0.832,possibly_damaging,missense_variant
NM_000546.6:c.508A>G,1.0,tolerated,,,missense_variant
NM_000546.6:c.21T>A,0.49,tolerated,0.094,benign,missense_variant
NM_000546.5:c.319T>C,0.0,deleterious,,,missense_variant
NM_000546.6:c.422G>A,0.02,deleterious,,,missense_variant
NM_000546.6:c.844C>G,0.19,tolerated,0.001,benign,missense_variant
NM_000546.6:c.250G>A,0.12,tolerated,,,missense_variant
NM_000546.6:c.328C>A,0.0,deleterious,,,missense_variant
NM_000546.6:c.766A>G,1.0,tolerated,0.0,benign,missense_variant
NM_000546.6:c.144C>A,0.0,deleterious,,,missense_variant
NM_000546.6:c.364G>A,0.52,tolerated,,,missense_variant
NM_000546.6:c.935C>G,0.0,deleterious,,,missense_variant
NM_000546.6:c.842A>G,0.03,deleterious,,,missense_variant
NM_000546.6:c.1003C>T,0.04,deleterious,,,missense_variant
NM_000546.6:c.695T>C,0.01,deleterious,,,missense_variant
NM_000546.6:c.784G>A,0.83,tolerated,,,missense_variant
NM_000546.6:c.554G>A,0.01,deleterious,,,missense_variant
NM_000546.6:c.1163A>C,0.62,tolerated,,,missense_variant
NM_000546.6:c.892G>A,0.39,tolerated,0.084,benign,missense_variant
NM_000546.6:c.221C>T,0.0,deleterious,,,missense_variant
NM_000546.6:c.511G>A,0.58,tolerated,0.131,benign,missense_variant
NM_000546.6:c.107C>A,0.0,deleterious,,,missense_variant
NM_000546.6:c.799C>T,0.02,deleterious,,,missense_variant
NM_000546.6:c.1015G>C,0.07,tolerated,,,missense_variant
NM_000546.6:c.473G>A,0.0,deleterious,,,missense_variant
NM_000546.6:c.391A>T,0.8,tolerated,,,missense_variant
NM_000546.6:c.1079G>C,0.17,tolerated,,,missense_variant
NM_000546.6:c.328C>T,0.24,tolerated,,,missense_variant
NM_000546.6:c.998G>A,0.0,deleterious,,,missense_variant
NM_000546.6:c.542G>A,0.01,deleterious,,,missense_variant
NM_000546.6:c.848G>A,0.51,tolerated,,,missense_variant
NM_000546.6:c.907A>G,0.19,tolerated,0.005,benign,missense_variant
NM_000546.6:c.217G>A,0.01,deleterious,,,missense_variant
NM_000546.6:c.320A>C,0.02,deleterious,,,missense_variant
NM_000546.6:c.322G>A,0.06,tolerated,,,missense_variant
NM_000546.6:c.1009C>T,0.32,tolerated,0.062,benign,missense_variant
NM_000546.6:c.105G>C,0.08,tolerated,,,missense_variant
NM_000546.6:c.541C>T,0.0,deleterious,,,missense_variant
NM_000546.6:c.427G>A,0.05,deleterious,,,missense_variant
NM_000546.6:c.320A>G,0.02,deleterious,,,missense_variant
NM_000546.6:c.711G>A,0.01,deleterious,,,missense_variant
NM_000546.6:c.455C>T,0.0,deleterious,,,missense_variant
NM_000546.6:c.1010G>T,0.49,tolerated,0.0,benign,missense_variant
NM_000546.6:c.214C>G,0.0,deleterious,,,missense_variant
NM_000546.6:c.1165G>T,0.01,deleterious,,,missense_variant
NM_000546.6:c.797G>A,0.0,deleterious,,,missense_variant
NM_000546.6:c.714T>G,0.0,deleterious,,,missense_variant
NM_000546.6:c.481G>A,0.0,deleterious,,,missense_variant
NM_000546.6:c.722C>G,0.0,deleterious,,,missense_variant
NM_000546.6:c.1010G>C,0.04,deleterious,,,missense_variant
NM_000546.6:c.1150A>G,0.0,deleterious,,,missense_variant
NM_000546.6:c.1000G>C,0.02,deleterious,,,missense_variant
NM_000546.6:c.845G>T,0.0,deleterious,,,missense_variant
NM_000546.6:c.842A>T,0.0,deleterious,,,missense_variant
NM_000546.6:c.751A>C,0.0,deleterious,,,missense_variant
NM_000546.6:c.713G>A,0.0,deleterious,,,missense_variant
NM_000546.6:c.646G>A,0.0,deleterious,,,missense_variant
NM_000546.6:c.607G>A,0.27,tolerated,,,missense_variant
NM_000546.6:c.605G>T,0.0,deleterious,,,missense_variant
NM_000546.6:c.524G>T,0.0,deleterious,,,missense_variant
NM_000546.6:c.475_476delinsTT,0.0,deleterious,,,missense_variant
NM_000546.6:c.380C>T,0.13,tolerated,,,missense_variant
NM_000546.6:c.370T>A,0.05,deleterious,,,missense_variant
NM_000546.6:c.344A>G,0.0,deleterious,,,missense_variant
NM_000546.6:c.290T>A,0.08,tolerated,0.006,benign,missense_variant
NM_000546.6:c.245C>T,0.02,deleterious,0.003,benign,missense_variant
NM_000546.6:c.214_215delinsTG,0.16,tolerated,0.005,benign,missense_variant
NM_000546.6:c.188C>T,0.73,tolerated,0.003,benign,missense_variant
NM_000546.6:c.106C>T,0.29,tolerated,,,missense_variant
NM_000546.6:c.1135C>A,0.02,deleterious,,,missense_variant
NM_000546.6:c.997C>T,0.21,tolerated,,,missense_variant
NM_000546.6:c.943T>A,0.01,deleterious,,,missense_variant
NM_000546.6:c.856G>A,0.0,deleterious,,,missense_variant
NM_000546.6:c.827C>G,0.0,deleterious,,,missense_variant
NM_000546.6:c.814G>A,0.21,tolerated,,,missense_variant
NM_000546.6:c.782G>C,0.03,deleterious,,,missense_variant
NM_000546.6:c.727A>C,0.0,deleterious,,,missense_variant
NM_000546.6:c.661G>A,0.0,deleterious,,,missense_variant
NM_000546.6:c.578A>G,0.0,deleterious,,,missense_variant
NM_000546.6:c.527G>A,0.1,tolerated,,,missense_variant
NM_000546.6:c.509C>T,0.4,tolerated,,,missense_variant
NM_000546.6:c.469G>A,0.34,tolerated,,,missense_variant
NM_000546.6:c.436T>G,0.02,deleterious,,,missense_variant
NM_000546.6:c.427G>T,0.0,deleterious,,,missense_variant
NM_000546.6:c.413C>T,0.0,deleterious,,,missense_variant
NM_000546.6:c.408A>C,0.05,deleterious,0.243,benign,missense_variant
NM_000546.6:c.215C>A,0.23,tolerated,0.031,benign,missense_variant
NM_000546.6:c.149T>A,0.13,tolerated,0.062,benign,missense_variant
NM_000546.6:c.145G>A,0.0,deleterious,0.671,possibly_damaging,missense_variant
NM_000546.6:c.8A>G,1.0,tolerated,,,missense_variant
NM_000546.6:c.1102C>T,0.32,tolerated,,,missense_variant
NM_000546.6:c.776A>G,0.0,deleterious,,,missense_variant
NM_000546.6:c.703A>T,0.02,deleterious,,,missense_variant
NM_000546.6:c.589G>A,0.03,deleterious,,,missense_variant
NM_000546.6:c.1136G>T,0.01,deleterious,,,missense_variant
NM_000546.6:c.1025G>C,0.09,tolerated,,,missense_variant
NM_000546.6:c.904G>C,0.09,tolerated,,,missense_variant
NM_000546.6:c.868C>T,0.03,deleterious,,,missense_variant
NM_000546.6:c.824G>A,0.0,deleterious,,,missense_variant
NM_000546.6:c.706T>C,0.0,deleterious,,,missense_variant
NM_000546.6:c.589G>T,0.0,deleterious,,,missense_variant
NM_000546.6:c.587G>A,0.06,tolerated,,,missense_variant
NM_000546.6:c.584T>C,0.02,deleterious,,,missense_variant
NM_000546.6:c.374C>A,0.0,deleterious,,,missense_variant
NM_000546.6:c.149T>C,0.37,tolerated,0.0,benign,missense_variant
NM_000546.6:c.932A>C,0.64,tolerated,,,missense_variant
NM_000546.6:c.700T>G,0.0,deleterious,,,missense_variant
NM_000546.6:c.520A>G,0.0,deleterious,,,missense_variant
NM_000546.6:c.380C>G,0.0,deleterious,,,missense_variant
NM_000546.6:c.517G>A,0.01,deleterious,,,missense_variant
NM_000546.6:c.1120G>C,0.17,tolerated,,,missense_variant
NM_000546.6:c.1099A>G,0.12,tolerated,,,missense_variant
NM_000546.6:c.1088G>A,0.48,tolerated,,,missense_variant
NM_000546.6:c.1066G>C,0.26,tolerated,,,missense_variant
NM_000546.6:c.1060C>A,0.96,tolerated,,,missense_variant
NM_000546.6:c.1025G>A,0.06,tolerated,,,missense_variant
NM_000546.6:c.964C>A,0.29,tolerated,,,missense_variant
NM_000546.6:c.949C>A,0.82,tolerated,,,missense_variant
NM_000546.6:c.946C>A,0.19,tolerated,,,missense_variant
NM_000546.6:c.890A>G,0.29,tolerated,,,missense_variant
NM_000546.6:c.833C>T,0.0,deleterious,,,missense_variant
NM_000546.6:c.818G>C,0.0,deleterious,,,missense_variant
NM_000546.6:c.779C>A,0.01,deleterious,,,missense_variant
NM_000546.6:c.743G>T,0.0,deleterious,,,missense_variant
NM_000546.6:c.668C>T,0.02,deleterious,,,missense_variant
NM_000546.6:c.640C>A,0.01,deleterious,,,missense_variant
NM_000546.6:c.638G>C,0.0,deleterious,,,missense_variant
NM_000546.6:c.587G>C,0.0,deleterious,,,missense_variant
NM_000546.6:c.577C>T,0.0,deleterious,,,missense_variant
NM_000546.6:c.568C>A,0.0,deleterious,,,missense_variant
NM_000546.6:c.558T>A,0.14,tolerated,,,missense_variant
NM_000546.6:c.541C>A,0.08,tolerated,,,missense_variant
NM_000546.6:c.480G>A,0.16,tolerated,,,missense_variant
NM_000546.6:c.401T>G,0.0,deleterious,,,missense_variant
NM_000546.6:c.370T>G,0.01,deleterious,,,missense_variant
NM_000546.6:c.329G>C,0.03,deleterious,,,missense_variant
NM_000546.6:c.206C>G,0.33,tolerated,0.036,benign,missense_variant
NM_000546.6:c.188C>G,0.15,tolerated,0.003,benign,missense_variant
NM_000546.6:c.187G>A,0.26,tolerated,0.005,benign,missense_variant
NM_000546.6:c.136T>C,0.25,tolerated,0.001,benign,missense_variant
NM_000546.6:c.91G>T,0.3,tolerated,0.114,benign,missense_variant
NM_000546.6:c.58T>C,0.04,deleterious,0.207,benign,missense_variant
NM_000546.6:c.28G>C,1.0,tolerated,0.003,benign,missense_variant
NM_000546.6:c.23C>T,0.81,tolerated,0.003,benign,missense_variant
NM_000546.6:c.1009C>G,0.0,deleterious,,,missense_variant
NM_000546.6:c.743G>C,0.03,deleterious,,,missense_variant
NM_000546.6:c.461G>A,0.02,deleterious,,,missense_variant
NM_000546.6:c.303A>T,0.14,tolerated,,,missense_variant
NM_000546.6:c.212C>G,0.47,tolerated,0.007,benign,missense_variant
NM_000546.6:c.155A>G,0.49,tolerated,0.014,benign,missense_variant
NM_000546.6:c.11C>T,0.13,tolerated,0.078,benign,missense_variant
NM_000546.6:c.1136G>A,0.14,tolerated,,,missense_variant
NM_000546.6:c.794T>C,0.0,deleterious,,,missense_variant
NM_000546.6:c.538G>A,0.0,deleterious,,,missense_variant
NM_000546.6:c.523C>T,0.01,deleterious,,,missense_variant
NM_000546.6:c.490A>G,0.0,deleterious,,,missense_variant
NM_000546.6:c.473G>C,0.0,deleterious,,,missense_variant
NM_000546.6:c.393C>A,0.0,deleterious,,,missense_variant
NM_000546.6:c.134T>C,0.03,deleterious,0.003,benign,missense_variant
NM_000546.6:c.731G>A,0.0,deleterious,,,missense_variant
NM_000546.6:c.746G>C,0.0,deleterious,,,missense_variant
NM_000546.6:c.518T>C,0.0,deleterious,,,missense_variant
NM_000546.6:c.404G>T,0.0,deleterious,,,missense_variant
NM_000546.6:c.403T>C,0.0,deleterious,,,missense_variant
NM_000546.6:c.403T>G,0.0,deleterious,,,missense_variant
NM_000546.6:c.423C>G,0.0,deleterious,,,missense_variant
NM_000546.6:c.527G>T,0.0,deleterious,,,missense_variant
NM_000546.6:c.713G>T,0.0,deleterious,,,missense_variant
NM_000546.6:c.713G>C,0.0,deleterious,,,missense_variant
NM_000546.6:c.712T>C,0.0,deleterious,,,missense_variant
NM_000546.6:c.712T>G,0.0,deleterious,,,missense_variant
NM_000546.6:c.726C>G,0.0,deleterious,,,missense_variant
NM_000546.6:c.824G>T,0.0,deleterious,,,missense_variant
NM_000546.6:c.841G>T,0.0,deleterious,,,missense_variant
NM_000546.6:c.841G>A,0.0,deleterious,,,missense_variant
NM_000546.6:c.841G>C,0.05,tolerated,,,missense_variant
NM_000546.6:c.842A>C,0.0,deleterious,,,missense_variant
NM_000546.6:c.809T>C,0.0,deleterious,,,missense_variant
NM_000546.6:c.809T>G,0.0,deleterious,,,missense_variant
NM_000546.6:c.808T>G,0.0,deleterious,,,missense_variant
NM_000546.6:c.730G>A,0.0,deleterious,,,missense_variant
NM_000546.6:c.730G>C,0.0,deleterious,,,missense_variant
NM_000546.6:c.734G>T,0.0,deleterious,,,missense_variant
NM_000546.6:c.796G>C,0.0,deleterious,,,missense_variant
NM_000546.6:c.537T>G,0.02,deleterious,,,missense_variant
NM_000546.6:c.535C>G,0.0,deleterious,,,missense_variant
NM_000546.6:c.578A>C,0.0,deleterious,,,missense_variant
NM_000546.6:c.577C>A,0.0,deleterious,,,missense_variant
NM_000546.6:c.641A>G,0.01,deleterious,,,missense_variant
NM_000546.6:c.641A>T,0.0,deleterious,,,missense_variant
NM_000546.6:c.585C>G,0.04,deleterious,,,missense_variant
NM_000546.6:c.764T>G,0.0,deleterious,,,missense_variant
NM_000546.6:c.764T>C,0.0,deleterious,,,missense_variant
NM_000546.6:c.396G>C,0.0,deleterious,,,missense_variant
NM_000546.6:c.395A>G,0.0,deleterious,,,missense_variant
NM_000546.6:c.332T>C,0.0,deleterious,,,missense_variant
NM_000546.6:c.332T>G,0.0,deleterious,,,missense_variant
NM_000546.6:c.332T>A,0.0,deleterious,,,missense_variant
NM_000546.6:c.581T>C,0.0,deleterious,,,missense_variant
NM_000546.6:c.710T>A,0.0,deleterious,,,missense_variant
NM_000546.6:c.716A>G,0.02,deleterious,,,missense_variant
NM_000546.6:c.452C>A,0.0,deleterious,,,missense_variant
NM_000546.6:c.452C>G,0.0,deleterious,,,missense_variant
NM_000546.6:c.451C>G,0.0,deleterious,,,missense_variant
NM_000546.6:c.832C>T,0.02,deleterious,,,missense_variant
NM_000546.6:c.832C>A,0.0,deleterious,,,missense_variant
NM_000546.6:c.431A>T,0.08,tolerated,,,missense_variant
NM_000546.6:c.432G>T,0.03,deleterious,,,missense_variant
NM_000546.6:c.523C>G,0.0,deleterious,,,missense_variant
NM_000546.6:c.742C>G,0.0,deleterious,,,missense_variant
NM_000546.6:c.818G>T,0.0,deleterious,,,missense_variant
NM_000546.6:c.817C>A,0.0,deleterious,,,missense_variant
NM_000546.6:c.845G>C,0.0,deleterious,,,missense_variant
NM_000546.6:c.722C>A,0.0,deleterious,,,missense_variant
NM_000546.6:c.721T>C,0.0,deleterious,,,missense_variant
NM_000546.6:c.721T>G,0.0,deleterious,,,missense_variant
NM_000546.6:c.374C>G,0.01,deleterious,,,missense_variant
NM_000546.6:c.517G>T,0.0,deleterious,,,missense_variant
NM_000546.6:c.647T>A,0.0,deleterious,,,missense_variant
NM_000546.6:c.487T>C,0.0,deleterious,,,missense_variant
NM_000546.6:c.614A>G,0.0,deleterious,,,missense_variant
NM_000546.6:c.614A>C,0.0,deleterious,,,missense_variant
NM_000546.6:c.613T>C,0.0,deleterious,,,missense_variant
NM_000546.6:c.613T>G,0.0,deleterious,,,missense_variant
NM_000546.6:c.658T>C,0.0,deleterious,,,missense_variant
NM_000546.6:c.700T>C,0.0,deleterious,,,missense_variant
NM_000546.6:c.700T>A,0.0,deleterious,,,missense_variant
NM_000546.6:c.736A>T,0.0,deleterious,,,missense_variant
NM_000546.6:c.870_871delinsAC,,,,,missense_variant
NM_000546.6:c.760A>G,0.0,deleterious,,,missense_variant
NM_000546.6:c.556G>A,0.19,tolerated,,,missense_variant
NM_000546.6:c.464C>A,0.01,deleterious,,,missense_variant
NM_000546.6:c.329G>T,0.08,tolerated,,,missense_variant
NM_000546.6:c.631A>G,0.02,deleterious,,,missense_variant
NM_000546.6:c.628A>T,0.07,tolerated,,,missense_variant
NM_000546.6:c.319T>A,0.01,deleterious,,,missense_variant
NM_000546.6:c.313G>C,0.0,deleterious,,,missense_variant
NM_000546.6:c.1151T>C,0.09,tolerated,,,missense_variant
NM_000546.6:c.1042T>G,0.0,deleterious,,,missense_variant
NM_000546.6:c.843C>A,0.03,deleterious,,,missense_variant
NM_000546.6:c.194G>C,0.59,tolerated,0.0,benign,missense_variant
NM_000546.6:c.875A>G,0.11,tolerated,,,missense_variant
NM_000546.6:c.551A>G,0.08,tolerated,,,missense_variant
NM_000546.6:c.238C>T,0.2,tolerated,0.02,benign,missense_variant
NM_000546.6:c.37C>T,0.04,deleterious,0.999,probably_damaging,missense_variant
NM_000546.6:c.1040C>T,0.0,deleterious,,,missense_variant
NM_000546.6:c.1013T>C,0.0,deleterious,,,missense_variant
NM_000546.6:c.853G>A,0.0,deleterious,,,missense_variant
NM_000546.6:c.749C>T,0.0,deleterious,,,missense_variant
NM_000546.6:c.710T>G,0.0,deleterious,,,missense_variant
NM_000546.6:c.634T>A,0.38,tolerated,,,missense_variant
NM_000546.6:c.569C>T,0.0,deleterious,,,missense_variant
NM_000546.6:c.560G>A,0.11,tolerated,,,missense_variant
NM_000546.6:c.546C>G,0.01,deleterious,,,missense_variant
NM_000546.6:c.532C>A,0.0,deleterious,,,missense_variant
NM_000546.6:c.521G>A,0.45,tolerated,,,missense_variant
NM_000546.6:c.358A>C,0.0,deleterious,,,missense_variant
NM_000546.6:c.353C>T,0.0,deleterious,,,missense_variant
NM_000546.6:c.326T>C,0.0,deleterious,,,missense_variant
NM_000546.6:c.1000G>T,0.0,deleterious,,,missense_variant
NM_000546.6:c.930C>G,0.7,tolerated,,,missense_variant
NM_000546.6:c.883C>T,0.37,tolerated,,,missense_variant
NM_000546.6:c.671A>C,0.0,deleterious,,,missense_variant
NM_000546.6:c.515T>G,0.0,deleterious,,,missense_variant
NM_000546.6:c.492G>C,0.0,deleterious,,,missense_variant
NM_000546.6:c.392A>T,0.01,deleterious,,,missense_variant
NM_000546.6:c.389T>C,0.0,deleterious,,,missense_variant
NM_000546.6:c.313G>A,0.07,tolerated,,,missense_variant
NM_000546.6:c.1115A>C,0.01,deleterious,,,missense_variant
NM_000546.6:c.596G>T,0.0,deleterious,,,missense_variant
NM_000546.6:c.996C>G,0.0,deleterious,,,missense_variant
NM_000546.6:c.731G>C,0.0,deleterious,,,missense_variant
NM_000546.6:c.720T>G,0.0,deleterious,,,missense_variant
NM_000546.6:c.476C>T,0.0,deleterious,,,missense_variant
NM_000546.6:c.245C>G,0.04,deleterious,0.309,benign,missense_variant
NM_000546.6:c.1052A>G,0.07,tolerated,,,missense_variant
NM_000546.6:c.869G>C,0.02,deleterious,,,missense_variant
NM_000546.6:c.530C>G,0.02,deleterious,,,missense_variant
NM_000546.6:c.1151T>G,0.0,deleterious,,,missense_variant
NM_000546.6:c.773A>C,0.0,deleterious,,,missense_variant
NM_000546.6:c.692C>T,0.0,deleterious,,,missense_variant
NM_000546.6:c.386C>G,0.21,tolerated,,,missense_variant
NM_000546.6:c.322G>C,0.04,deleterious,,,missense_variant
NM_000546.6:c.1153T>C,0.26,tolerated,,,missense_variant
NM_000546.6:c.1078G>T,0.18,tolerated,,,missense_variant
NM_000546.6:c.920C>G,0.03,deleterious,,,missense_variant
NM_000546.6:c.737T>A,0.0,deleterious,,,missense_variant
NM_000546.6:c.670G>A,0.01,deleterious,,,missense_variant
NM_000546.6:c.1081G>C,0.5,tolerated,,,missense_variant
NM_000546.6:c.825T>G,0.0,deleterious,,,missense_variant
NM_000546.6:c.607G>C,0.04,deleterious,,,missense_variant
NM_000546.6:c.529C>A,0.0,deleterious,,,missense_variant
NM_000546.6:c.791T>C,0.06,tolerated,,,missense_variant
NM_000546.6:c.460G>C,0.0,deleterious,,,missense_variant
NM_000546.6:c.738G>A,0.0,deleterious,,,missense_variant
NM_000546.6:c.446C>T,0.02,deleterious,,,missense_variant
NM_000546.6:c.710T>C,0.0,deleterious,,,missense_variant
NM_000546.6:c.400T>A,0.0,deleterious,,,missense_variant
NM_000546.6:c.355G>C,0.0,deleterious,,,missense_variant
NM_000546.6:c.349G>A,0.0,deleterious,,,missense_variant
NM_000546.6:c.871A>G,0.0,deleterious,,,missense_variant
NM_000546.6:c.789T>A,0.25,tolerated,,,missense_variant
NM_000546.6:c.753C>G,0.0,deleterious,,,missense_variant
NM_000546.6:c.532C>G,0.0,deleterious,,,missense_variant
NM_000546.6:c.368C>T,0.03,deleterious,,,missense_variant
NM_000546.6:c.232G>A,0.4,tolerated,0.003,benign,missense_variant
NM_000546.6:c.80C>T,0.09,tolerated,0.031,benign,missense_variant
NM_000546.6:c.38C>G,0.0,deleterious,0.999,probably_damaging,missense_variant
NM_000546.6:c.500A>C,0.0,deleterious,,,missense_variant
NM_000546.6:c.202G>C,0.41,tolerated,0.005,benign,missense_variant
NM_000546.6:c.509C>G,0.0,deleterious,,,missense_variant
NM_000546.6:c.1127C>T,0.01,deleterious,,,missense_variant
NM_000546.6:c.318C>G,0.29,tolerated,,,missense_variant
NM_000546.6:c.758C>A,0.01,deleterious,,,missense_variant
NM_000546.6:c.497C>T,0.08,tolerated,,,missense_variant
NM_000546.6:c.473G>T,0.0,deleterious,,,missense_variant
NM_000546.6:c.439G>A,0.0,deleterious,,,missense_variant
NM_000546.6:c.413C>A,0.01,deleterious,,,missense_variant
NM_000546.6:c.787A>C,0.15,tolerated,,,missense_variant
NM_000546.6:c.565G>T,0.01,deleterious,,,missense_variant
NM_000546.6:c.515T>C,0.0,deleterious,,,missense_variant
NM_000546.6:c.397A>G,0.01,deleterious,,,missense_variant
NM_000546.6:c.200C>A,0.24,tolerated,0.015,benign,missense_variant
NM_000546.6:c.1096T>C,0.11,tolerated,,,missense_variant
NM_000546.6:c.307_309delinsCAG,0.0,deleterious,,,missense_variant
NM_000546.6:c.269C>T,0.21,tolerated,0.351,benign,missense_variant
NM_000546.6:c.79C>T,0.1,tolerated,0.085,benign,missense_variant
NM_000546.6:c.25A>C,0.16,tolerated,0.642,possibly_damaging,missense_variant
NM_000546.6:c.847C>G,0.0,deleterious,,,missense_variant
NM_000546.6:c.534C>A,0.0,deleterious,,,missense_variant
NM_000546.6:c.442G>A,0.45,tolerated,,,missense_variant
NM_000546.6:c.296C>G,0.01,deleterious,,,missense_variant
NM_000546.6:c.35C>A,0.17,tolerated,0.955,probably_damaging,missense_variant
NM_000546.6:c.596G>A,0.06,tolerated,,,missense_variant
NM_000546.6:c.811_812delinsTT,0.0,deleterious,,,missense_variant
NM_000546.6:c.662A>C,0.0,deleterious,,,missense_variant
NM_000546.6:c.506T>G,0.03,deleterious,,,missense_variant
NM_000546.6:c.296C>T,0.0,deleterious,,,missense_variant
NM_000546.6:c.152A>G,0.33,tolerated,0.022,benign,missense_variant
NM_000546.6:c.1129A>G,0.6,tolerated,,,missense_variant
NM_000546.6:c.1091C>T,0.24,tolerated,,,missense_variant
NM_000546.6:c.815T>C,0.0,deleterious,,,missense_variant
NM_000546.6:c.40C>G,0.04,deleterious,0.719,possibly_damaging,missense_variant
NM_000546.6:c.718A>G,0.0,deleterious,,,missense_variant
NM_000546.6:c.623A>G,0.0,deleterious,,,missense_variant
NM_000546.6:c.417G>T,0.0,deleterious,,,missense_variant
NM_000546.6:c.1173C>G,0.03,deleterious,,,missense_variant
NM_000546.6:c.1013T>G,0.0,deleterious,,,missense_variant
NM_000546.6:c.970G>T,0.0,deleterious,,,missense_variant
NM_000546.6:c.262G>C,0.17,tolerated,0.014,benign,missense_variant
NM_000546.6:c.209C>T,0.38,tolerated,0.035,benign,missense_variant
NM_000546.6:c.869G>T,0.11,tolerated,,,missense_variant
NM_000546.6:c.840A>C,0.02,deleterious,,,missense_variant
NM_000546.6:c.817C>G,0.0,deleterious,,,missense_variant
NM_000546.6:c.775G>T,0.05,deleterious,,,missense_variant
NM_000546.6:c.695T>G,0.0,deleterious,,,missense_variant
NM_000546.6:c.590T>A,0.0,deleterious,,,missense_variant
NM_000546.6:c.467G>C,0.2,tolerated,,,missense_variant
NM_000546.6:c.338T>G,0.0,deleterious,,,missense_variant
NM_000546.6:c.1039G>A,0.0,deleterious,,,missense_variant
NM_000546.6:c.989T>C,0.0,deleterious,,,missense_variant
NM_000546.6:c.983T>C,0.0,deleterious,,,missense_variant
NM_000546.6:c.891C>A,0.35,tolerated,,,missense_variant
NM_000546.6:c.830G>C,0.01,deleterious,,,missense_variant
NM_000546.6:c.805A>C,0.02,deleterious,,,missense_variant
NM_000546.6:c.790C>A,0.02,deleterious,,,missense_variant
NM_000546.6:c.676G>A,0.03,deleterious,,,missense_variant
NM_000546.6:c.641A>C,0.0,deleterious,,,missense_variant
NM_000546.6:c.608T>A,0.0,deleterious,,,missense_variant
NM_000546.6:c.568C>T,0.02,deleterious,,,missense_variant
NM_000546.6:c.529C>T,0.01,deleterious,,,missense_variant
NM_000546.6:c.500A>G,0.0,deleterious,,,missense_variant
NM_000546.6:c.458C>T,0.26,tolerated,,,missense_variant
NM_000546.6:c.418A>G,0.06,tolerated,,,missense_variant
NM_000546.6:c.415A>G,0.0,deleterious,,,missense_variant
NM_000546.6:c.380C>A,0.0,deleterious,,,missense_variant
NM_000546.6:c.301A>C,0.07,tolerated,,,missense_variant
NM_000546.6:c.236C>G,0.25,tolerated,0.005,benign,missense_variant
NM_000546.6:c.137C>A,0.09,tolerated,0.003,benign,missense_variant
NM_000546.6:c.127T>A,0.05,deleterious,0.074,benign,missense_variant
NM_000546.6:c.87C>G,0.63,tolerated,0.013,benign,missense_variant
NM_000546.6:c.80C>G,0.05,deleterious,0.84,possibly_damaging,missense_variant
NM_000546.6:c.48G>C,0.02,deleterious,0.996,probably_damaging,missense_variant
NM_000546.6:c.428T>C,0.0,deleterious,,,missense_variant
NM_000546.6:c.1168C>A,0.1,tolerated,,,missense_variant
NM_000546.6:c.1053G>T,0.14,tolerated,,,missense_variant
NM_000546.6:c.1024_1025delinsTT,0.13,tolerated,,,missense_variant
NM_000546.6:c.1019T>A,0.01,deleterious,,,missense_variant
NM_000546.6:c.991C>A,0.19,tolerated,,,missense_variant
NM_000546.6:c.968T>C,0.14,tolerated,,,missense_variant
NM_000546.6:c.826G>A,0.05,tolerated,,,missense_variant
NM_000546.6:c.802A>T,0.01,deleterious,,,missense_variant
NM_000546.6:c.788A>G,0.17,tolerated,,,missense_variant
NM_000546.6:c.769C>G,0.0,deleterious,,,missense_variant
NM_000546.6:c.757A>G,0.08,tolerated,,,missense_variant
NM_000546.6:c.671A>G,0.0,deleterious,,,missense_variant
NM_000546.6:c.656C>T,0.01,deleterious,,,missense_variant
NM_000546.6:c.622G>C,0.0,deleterious,,,missense_variant
NM_000546.6:c.605G>C,0.03,deleterious,,,missense_variant
NM_000546.6:c.590T>G,0.0,deleterious,,,missense_variant
NM_000546.6:c.542G>C,0.0,deleterious,,,missense_variant
NM_000546.6:c.514G>A,0.01,deleterious,,,missense_variant
NM_000546.6:c.455C>G,0.0,deleterious,,,missense_variant
NM_000546.6:c.451_452delinsTT,0.0,deleterious,,,missense_variant
NM_000546.6:c.438G>T,0.18,tolerated,,,missense_variant
NM_000546.6:c.424C>T,0.0,deleterious,,,missense_variant
NM_000546.6:c.389T>A,0.0,deleterious,,,missense_variant
NM_000546.6:c.383C>T,0.01,deleterious,,,missense_variant
NM_000546.6:c.328C>G,0.04,deleterious,,,missense_variant
NM_000546.6:c.314_315delinsCA,0.01,deleterious,,,missense_variant
NM_000546.6:c.292C>T,0.0,deleterious,,,missense_variant
NM_000546.6:c.176G>A,0.42,tolerated,0.001,benign,missense_variant
NM_000546.6:c.101C>T,0.12,tolerated,0.0,benign,missense_variant
NM_000546.6:c.85A>G,0.38,tolerated,0.013,benign,missense_variant
NM_000546.6:c.59C>T,0.1,tolerated,0.74,possibly_damaging,missense_variant
NM_000546.6:c.1145A>C,0.01,deleterious,,,missense_variant
NM_000546.6:c.1100G>C,0.12,tolerated,,,missense_variant
NM_000546.6:c.1045G>A,0.0,deleterious,,,missense_variant
NM_000546.6:c.1004G>C,0.0,deleterious,,,missense_variant
NM_000546.6:c.950A>T,0.27,tolerated,,,missense_variant
NM_000546.6:c.941C>G,0.01,deleterious,,,missense_variant
NM_000546.6:c.813G>T,0.02,deleterious,,,missense_variant
NM_000546.6:c.800G>T,0.0,deleterious,,,missense_variant
NM_000546.6:c.767C>T,0.0,deleterious,,,missense_variant
NM_000546.6:c.761T>A,0.0,deleterious,,,missense_variant
NM_000546.6:c.729G>A,0.01,deleterious,,,missense_variant
NM_000546.6:c.695T>A,0.0,deleterious,,,missense_variant
NM_000546.6:c.691A>G,0.0,deleterious,,,missense_variant
NM_000546.6:c.572C>A,0.0,deleterious,,,missense_variant
NM_000546.6:c.505A>G,1.0,tolerated,,,missense_variant
NM_000546.6:c.472C>G,0.0,deleterious,,,missense_variant
NM_000546.6:c.440T>C,0.01,deleterious,,,missense_variant
NM_000546.6:c.361T>C,0.0,deleterious,,,missense_variant
NM_000546.6:c.350G>T,0.02,deleterious,,,missense_variant
NM_000546.6:c.331C>A,0.01,deleterious,,,missense_variant
NM_000546.6:c.271T>C,0.13,tolerated,0.745,possibly_damaging,missense_variant
NM_000546.6:c.232G>T,0.48,tolerated,0.057,benign,missense_variant
NM_000546.6:c.224C>T,0.25,tolerated,0.053,benign,missense_variant
NM_000546.6:c.199C>T,0.91,tolerated,0.001,benign,missense_variant
NM_000546.6:c.151G>A,0.78,tolerated,0.022,benign,missense_variant
NM_000546.6:c.129G>T,0.16,tolerated,0.502,possibly_damaging,missense_variant
NM_000546.6:c.86A>C,0.26,tolerated,0.04,benign,missense_variant
NM_000546.6:c.7G>C,0.01,deleterious,0.798,possibly_damaging,missense_variant
NM_000546.6:c.470T>G,0.0,deleterious,,,missense_variant
NM_000546.6:c.359A>T,0.0,deleterious,,,missense_variant
NM_000546.6:c.1102C>A,0.38,tolerated,,,missense_variant
NM_000546.6:c.1097C>G,0.08,tolerated,,,missense_variant
NM_000546.6:c.944C>G,0.03,deleterious,,,missense_variant
NM_000546.6:c.893A>G,0.26,tolerated,,,missense_variant
NM_000546.6:c.861G>T,0.18,tolerated,,,missense_variant
NM_000546.6:c.854A>G,0.0,deleterious,,,missense_variant
NM_000546.6:c.692C>G,0.0,deleterious,,,missense_variant
NM_000546.6:c.619G>C,0.02,deleterious,,,missense_variant
NM_000546.6:c.599A>G,0.12,tolerated,,,missense_variant
NM_000546.6:c.576G>T,0.1,tolerated,,,missense_variant
NM_000546.6:c.507G>T,0.08,tolerated,,,missense_variant
NM_000546.6:c.253C>T,0.38,tolerated,0.001,benign,missense_variant
NM_000546.6:c.205G>C,0.27,tolerated,0.001,benign,missense_variant
NM_000546.6:c.131T>G,0.26,tolerated,0.022,benign,missense_variant
NM_000546.6:c.76C>A,0.12,tolerated,0.715,possibly_damaging,missense_variant
NM_000546.6:c.5A>G,0.0,deleterious,0.798,possibly_damaging,missense_variant
NM_000546.6:c.1089G>T,0.0,deleterious,,,missense_variant
NM_000546.6:c.1001G>A,0.0,deleterious,,,missense_variant
NM_000546.6:c.677G>C,0.01,deleterious,,,missense_variant
NM_000546.6:c.611A>G,0.08,tolerated,,,missense_variant
NM_000546.6:c.562C>G,0.28,tolerated,,,missense_variant
NM_000546.6:c.379T>C,0.0,deleterious,,,missense_variant
NM_000546.6:c.113A>C,0.31,tolerated,0.0,benign,missense_variant
NM_000546.6:c.1030C>G,0.04,deleterious,,,missense_variant
NM_000546.6:c.853G>C,0.0,deleterious,,,missense_variant
NM_000546.6:c.823T>A,0.0,deleterious,,,missense_variant
NM_000546.6:c.794T>A,0.0,deleterious,,,missense_variant
NM_000546.6:c.721T>A,0.0,deleterious,,,missense_variant
NM_000546.6:c.688A>G,0.03,deleterious,,,missense_variant
NM_000546.6:c.684C>A,0.82,tolerated,,,missense_variant
NM_000546.6:c.656C>G,0.0,deleterious,,,missense_variant
NM_000546.6:c.530C>A,0.0,deleterious,,,missense_variant
NM_000546.6:c.472_474delinsATT,0.0,deleterious,,,missense_variant
NM_000546.6:c.520A>T,0.0,deleterious,,,missense_variant
NM_000546.6:c.1141A>G,0.0,deleterious,,,missense_variant
NM_000546.6:c.944C>T,0.01,deleterious,,,missense_variant
NM_000546.6:c.409C>G,0.0,deleterious,,,missense_variant
NM_000546.6:c.340T>G,0.25,tolerated,,,missense_variant
NM_000546.6:c.1009C>A,0.0,deleterious,,,missense_variant
NM_000546.6:c.988C>T,0.0,deleterious,,,missense_variant
NM_000546.6:c.978A>T,0.03,deleterious,,,missense_variant
NM_000546.6:c.911C>T,0.12,tolerated,,,missense_variant
NM_000546.6:c.909C>G,0.19,tolerated,,,missense_variant
NM_000546.6:c.862A>G,0.0,deleterious,,,missense_variant
NM_000546.6:c.685T>G,0.07,tolerated,,,missense_variant
NM_000546.6:c.632C>G,0.04,deleterious,,,missense_variant
NM_000546.6:c.595G>A,0.0,deleterious,,,missense_variant
NM_000546.6:c.571C>T,0.03,deleterious,,,missense_variant
NM_000546.6:c.568C>G,0.03,deleterious,,,missense_variant
NM_000546.6:c.476C>A,0.0,deleterious,,,missense_variant
NM_000546.6:c.434T>G,0.0,deleterious,,,missense_variant
NM_000546.6:c.371G>C,0.13,tolerated,,,missense_variant
NM_000546.6:c.289G>A,0.02,deleterious,,,missense_variant
NM_000546.6:c.244C>T,0.36,tolerated,0.049,benign,missense_variant
NM_000546.6:c.43A>C,0.0,deleterious,0.991,probably_damaging,missense_variant
NM_000546.6:c.838_840delinsCTC,0.0,deleterious,,,missense_variant
NM_000546.6:c.719G>T,0.0,deleterious,,,missense_variant
NM_000546.6:c.575A>C,0.04,deleterious,,,missense_variant
NM_000546.6:c.292C>G,0.0,deleterious,,,missense_variant
NM_000546.6:c.115G>A,0.58,tolerated,0.078,benign,missense_variant
NM_000546.6:c.97T>A,0.23,tolerated,0.006,benign,missense_variant
NM_000546.6:c.1118A>T,0.0,deleterious,,,missense_variant
NM_000546.6:c.1060C>G,1.0,tolerated,,,missense_variant
NM_000546.6:c.1025G>T,0.13,tolerated,,,missense_variant
NM_000546.6:c.754C>T,0.0,deleterious,,,missense_variant
NM_000546.6:c.640C>T,0.0,deleterious,,,missense_variant
NM_000546.6:c.598A>G,0.0,deleterious,,,missense_variant
NM_000546.6:c.522G>C,0.02,deleterious,,,missense_variant
NM_000546.6:c.455C>A,0.0,deleterious,,,missense_variant
NM_000546.6:c.412G>A,0.01,deleterious,,,missense_variant
NM_000546.6:c.392A>G,0.0,deleterious,,,missense_variant
NM_000546.6:c.377A>C,0.0,deleterious,,,missense_variant
NM_000546.6:c.350G>C,0.01,deleterious,,,missense_variant
NM_000546.6:c.326T>A,0.0,deleterious,,,missense_variant
NM_000546.6:c.301A>G,0.66,tolerated,,,missense_variant
NM_000546.6:c.472C>A,0.0,deleterious,,,missense_variant
NM_000546.6:c.226G>A,0.57,tolerated,0.001,benign,missense_variant
NM_000546.6:c.866T>C,0.02,deleterious,,,missense_variant
NM_000546.6:c.46C>A,0.0,deleterious,0.987,probably_damaging,missense_variant
NM_000546.6:c.1084A>G,0.26,tolerated,,,missense_variant
NM_000546.6:c.748C>T,0.0,deleterious,,,missense_variant
NM_000546.6:c.197T>C,0.39,tolerated,0.014,benign,missense_variant
NM_000546.6:c.335G>A,0.33,tolerated,,,missense_variant
NM_000546.6:c.901C>G,0.22,tolerated,,,missense_variant
NM_000546.6:c.867_868delinsAA,,,,,missense_variant
NM_000546.6:c.416A>C,0.0,deleterious,,,missense_variant
NM_000546.6:c.263C>G,0.17,tolerated,0.219,benign,missense_variant
NM_000546.6:c.689C>T,0.02,deleterious,,,missense_variant
NM_000546.6:c.989T>A,0.0,deleterious,,,missense_variant
NM_000546.6:c.175G>C,0.46,tolerated,0.003,benign,missense_variant
NM_000546.6:c.751A>T,0.0,deleterious,,,missense_variant
NM_000546.6:c.881A>C,0.14,tolerated,,,missense_variant
NM_000546.6:c.672G>C,0.01,deleterious,,,missense_variant
NM_000546.6:c.1063G>T,0.28,tolerated,,,missense_variant
NM_000546.6:c.1103A>G,0.44,tolerated,,,missense_variant
NM_000546.6:c.401T>A,0.23,tolerated,,,missense_variant
NM_000546.6:c.1090G>A,0.54,tolerated,,,missense_variant
NM_000546.6:c.901C>T,0.4,tolerated,,,missense_variant
NM_000546.6:c.185A>C,0.09,tolerated,0.003,benign,missense_variant
NM_000546.6:c.821_822inv,0.0,deleterious,,,missense_variant
NM_000546.6:c.52A>T,0.49,tolerated,0.329,benign,missense_variant
NM_000546.6:c.147T>A,0.31,tolerated,0.039,benign,missense_variant
NM_000546.6:c.787A>T,0.1,tolerated,,,missense_variant
NM_000546.6:c.775G>C,0.06,tolerated,,,missense_variant
NM_000546.6:c.418A>T,0.01,deleterious,,,missense_variant
NM_000546.6:c.181G>T,0.22,tolerated,0.074,benign,missense_variant
NM_000546.6:c.1021T>A,0.09,tolerated,,,missense_variant
NM_000546.6:c.682G>A,0.0,deleterious,,,missense_variant
NM_000546.6:c.444T>G,0.45,tolerated,,,missense_variant
NM_000546.6:c.560G>C,0.06,tolerated,,,missense_variant
NM_000546.6:c.170A>C,0.16,tolerated,0.0,benign,missense_variant
NM_000546.6:c.989T>G,0.0,deleterious,,,missense_variant
NM_000546.6:c.540G>C,0.0,deleterious,,,missense_variant
NM_000546.6:c.365T>C,0.05,deleterious,,,missense_variant
NM_000546.6:c.323G>A,0.16,tolerated,,,missense_variant
NM_000546.6:c.10C>T,0.31,tolerated,0.003,benign,missense_variant
NM_000546.6:c.413C>G,0.01,deleterious,,,missense_variant
NM_000546.6:c.774A>C,0.0,deleterious,,,missense_variant
NM_000546.6:c.359A>G,0.0,deleterious,,,missense_variant
NM_000546.6:c.337T>A,0.0,deleterious,,,missense_variant
NM_000546.6:c.993G>C,0.04,deleterious,,,missense_variant
NM_000546.6:c.220G>T,0.49,tolerated,0.009,benign,missense_variant
NM_000546.6:c.293C>G,0.0,deleterious,,,missense_variant
NM_000546.6:c.926C>T,0.1,tolerated,,,missense_variant
NM_000546.6:c.566C>G,0.0,deleterious,,,missense_variant
NM_000546.6:c.836G>T,0.0,deleterious,,,missense_variant
NM_000546.6:c.665C>A,0.07,tolerated,,,missense_variant
NM_000546.6:c.544T>G,0.05,deleterious,,,missense_variant
NM_000546.6:c.157T>A,0.09,tolerated,0.377,benign,missense_variant
NM_000546.6:c.416A>G,0.03,deleterious,,,missense_variant
NM_000546.6:c.877G>C,0.48,tolerated,,,missense_variant
NM_000546.6:c.368C>G,0.0,deleterious,,,missense_variant
NM_000546.6:c.89A>T,0.09,tolerated,0.022,benign,missense_variant
NM_000546.6:c.469G>C,0.55,tolerated,,,missense_variant
NM_000546.6:c.292C>A,0.0,deleterious,,,missense_variant
NM_000546.6:c.1150A>T,1.0,tolerated,,,missense_variant
NM_000546.6:c.401T>C,0.0,deleterious,,,missense_variant
NM_000546.6:c.415A>C,0.01,deleterious,,,missense_variant
NM_000546.6:c.935C>T,0.01,deleterious,,,missense_variant
NM_000546.6:c.1067G>C,0.64,tolerated,,,missense_variant
NM_000546.6:c.113A>G,0.42,tolerated,0.022,benign,missense_variant
NM_000546.6:c.409_410delinsGA,0.0,deleterious,,,missense_variant
NM_000546.6:c.197T>G,0.26,tolerated,0.042,benign,missense_variant
NM_000546.6:c.876A>C,0.08,tolerated,,,missense_variant
NM_000546.6:c.929A>T,0.1,tolerated,,,missense_variant
NM_000546.6:c.964C>G,0.37,tolerated,,,missense_variant
NM_000546.6:c.139C>G,0.08,tolerated,0.001,benign,missense_variant
NM_000546.6:c.323G>T,0.0,deleterious,,,missense_variant
NM_000546.6:c.356C>A,0.01,deleterious,,,missense_variant
NM_000546.6:c.373A>G,0.0,deleterious,,,missense_variant
NM_000546.6:c.1164A>T,0.06,tolerated,,,missense_variant
NM_000546.6:c.1145A>T,0.0,deleterious,,,missense_variant
NM_000546.6:c.386C>A,1.0,tolerated,,,missense_variant
NM_000546.6:c.1162G>C,0.01,deleterious,,,missense_variant
NM_000546.6:c.466C>A,0.4,tolerated,,,missense_variant
NM_000546.6:c.601T>A,0.22,tolerated,,,missense_variant
NM_000546.6:c.460G>T,0.0,deleterious,,,missense_variant
NM_000546.6:c.484A>G,0.76,tolerated,,,missense_variant
NM_000546.6:c.512A>G,0.0,deleterious,,,missense_variant
NM_000546.6:c.593A>G,0.04,deleterious,,,missense_variant
NM_000546.6:c.622G>A,0.05,deleterious,,,missense_variant
NM_000546.6:c.653T>A,0.0,deleterious,,,missense_variant
NM_000546.6:c.503A>T,0.02,deleterious,,,missense_variant
NM_000546.6:c.504C>G,0.0,deleterious,,,missense_variant
NM_000546.6:c.555C>G,0.1,tolerated,,,missense_variant
NM_000546.6:c.611A>T,0.23,tolerated,,,missense_variant
NM_000546.6:c.643A>T,0.01,deleterious,,,missense_variant
NM_000546.6:c.1177G>T,0.0,deleterious,,,missense_variant
NM_000546.6:c.761T>C,0.0,deleterious,,,missense_variant
NM_000546.6:c.799C>G,0.0,deleterious,,,missense_variant
NM_000546.6:c.831T>G,0.02,deleterious,,,missense_variant
NM_000546.6:c.919G>C,0.05,tolerated,,,missense_variant
NM_000546.6:c.929A>G,0.6,tolerated,,,missense_variant
NM_000546.6:c.748C>A,0.0,deleterious,,,missense_variant
NM_000546.6:c.748C>G,0.05,tolerated,,,missense_variant
NM_000546.6:c.74T>G,0.04,deleterious,0.165,benign,missense_variant
NM_000546.6:c.751A>G,0.02,deleterious,,,missense_variant
NM_000546.6:c.1020G>T,0.05,tolerated,,,missense_variant
NM_000546.6:c.784G>C,0.01,deleterious,,,missense_variant
NM_000546.6:c.709A>C,0.01,deleterious,,,missense_variant
NM_000546.6:c.899C>T,0.05,deleterious,,,missense_variant
NM_000546.6:c.94C>G,0.18,tolerated,0.029,benign,missense_variant
NM_000546.6:c.935C>A,0.02,deleterious,,,missense_variant
NM_000546.6:c.995T>A,0.0,deleterious,,,missense_variant
NM_000546.6:c.995T>C,0.0,deleterious,,,missense_variant
NM_000546.6:c.1024C>G,0.0,deleterious,,,missense_variant
NM_000546.6:c.1039G>T,0.33,tolerated,,,missense_variant
NM_000546.6:c.1046A>G,0.0,deleterious,,,missense_variant
NM_000546.6:c.172C>G,0.94,tolerated,0.005,benign,missense_variant
NM_000546.6:c.131T>A,0.2,tolerated,0.014,benign,missense_variant
NM_000546.6:c.131T>C,0.3,tolerated,0.018,benign,missense_variant
NM_000546.6:c.170A>T,0.12,tolerated,0.024,benign,missense_variant
NM_000546.6:c.1030C>A,0.05,deleterious,,,missense_variant
NM_000546.6:c.175G>A,0.6,tolerated,0.003,benign,missense_variant
NM_000546.6:c.1063G>A,0.16,tolerated,,,missense_variant
NM_000546.6:c.196A>G,0.94,tolerated,0.0,benign,missense_variant
NM_000546.6:c.1078G>C,0.56,tolerated,,,missense_variant
NM_000546.6:c.239C>T,0.29,tolerated,0.012,benign,missense_variant
NM_000546.6:c.23C>G,0.55,tolerated,0.374,benign,missense_variant
NM_000546.6:c.214_215inv,0.32,tolerated,0.0,benign,missense_variant
NM_000546.6:c.1094A>C,0.2,tolerated,,,missense_variant
NM_000546.6:c.260C>G,0.1,tolerated,0.568,possibly_damaging,missense_variant
NM_000546.6:c.19G>A,0.0,deleterious,0.92,probably_damaging,missense_variant
NM_000546.6:c.1109A>T,0.01,deleterious,,,missense_variant
NM_000546.6:c.110C>G,0.03,deleterious,0.535,possibly_damaging,missense_variant
NM_000546.6:c.281C>T,0.0,deleterious,0.839,possibly_damaging,missense_variant
NM_000546.6:c.1121G>T,0.01,deleterious,,,missense_variant
NM_000546.6:c.290T>C,0.01,deleterious,,,missense_variant
NM_000546.6:c.304A>G,0.03,deleterious,,,missense_variant
NM_000546.6:c.284C>T,0.01,deleterious,,,missense_variant
NM_000546.6:c.1125G>T,0.08,tolerated,,,missense_variant
NM_000546.6:c.1123C>A,0.66,tolerated,,,missense_variant
NM_000546.6:c.566C>A,0.06,tolerated,,,missense_variant
NM_000546.6:c.218T>C,0.99,tolerated,0.0,benign,missense_variant
NM_000546.6:c.324_326inv,,,,,missense_variant
NM_000546.6:c.889C>T,0.04,deleterious,,,missense_variant
NM_000546.6:c.227C>T,0.42,tolerated,0.001,benign,missense_variant
NM_000546.6:c.223C>A,0.26,tolerated,0.035,benign,missense_variant
NM_000546.6:c.1096T>A,0.14,tolerated,,,missense_variant
NM_000546.6:c.485T>C,0.0,deleterious,,,missense_variant
NM_000546.6:c.1066G>T,0.02,deleterious,,,missense_variant
NM_000546.6:c.598A>C,0.0,deleterious,,,missense_variant
NM_000546.6:c.115G>T,0.71,tolerated,0.003,benign,missense_variant
NM_000546.6:c.560G>T,0.02,deleterious,,,missense_variant
NM_000546.6:c.482C>T,0.0,deleterious,,,missense_variant
NM_000546.6:c.247G>A,0.19,tolerated,0.005,benign,missense_variant
NM_000546.6:c.1039_1040delinsTT,0.0,deleterious,,,missense_variant
NM_000546.6:c.431A>G,0.0,deleterious,,,missense_variant
NM_000546.6:c.130A>C,1.0,tolerated,0.0,benign,missense_variant
NM_000546.6:c.1086C>A,0.26,tolerated,,,missense_variant
NM_000546.6:c.953C>G,0.02,deleterious,,,missense_variant
NM_000546.6:c.1174T>C,0.0,deleterious,,,missense_variant
NM_000546.6:c.25A>G,0.62,tolerated,0.015,benign,missense_variant
NM_000546.6:c.673G>T,0.0,deleterious,,,missense_variant
NM_000546.6:c.364G>T,0.0,deleterious,,,missense_variant
NM_000546.6:c.339C>A,0.0,deleterious,,,missense_variant
NM_000546.6:c.863A>C,0.01,deleterious,,,missense_variant
NM_000546.6:c.1139A>G,0.17,tolerated,,,missense_variant
NM_000546.6:c.725_726delinsCA,0.0,deleterious,,,missense_variant
NM_000546.6:c.1057G>T,0.16,tolerated,,,missense_variant
NM_000546.6:c.164C>G,0.75,tolerated,0.0,benign,missense_variant
NM_000546.6:c.762C>G,0.0,deleterious,,,missense_variant
NM_000546.6:c.398T>A,0.0,deleterious,,,missense_variant
NM_000546.6:c.598A>T,0.0,deleterious,,,missense_variant
NM_000546.6:c.11C>A,0.1,tolerated,0.007,benign,missense_variant
NM_000546.6:c.350G>A,0.0,deleterious,,,missense_variant
NM_000546.6:c.1021_1022delinsAG,0.0,deleterious,,,missense_variant
NM_000546.6:c.938G>A,0.12,tolerated,,,missense_variant
NM_000546.6:c.1049T>C,0.0,deleterious,,,missense_variant
NM_000546.6:c.1006G>C,0.09,tolerated,,,missense_variant
NM_000546.6:c.972T>A,0.27,tolerated,,,missense_variant
NM_000546.6:c.682G>T,0.0,deleterious,,,missense_variant
NM_000546.6:c.1097C>T,0.02,deleterious,,,missense_variant
NM_000546.6:c.1023C>G,1.0,tolerated,,,missense_variant
NM_000546.6:c.1159A>C,0.03,deleterious,,,missense_variant
NM_000546.6:c.529C>G,0.0,deleterious,,,missense_variant
NM_000546.6:c.325T>A,0.0,deleterious,,,missense_variant
NM_000546.6:c.445T>C,0.03,deleterious,,,missense_variant
NM_000546.6:c.574C>G,0.21,tolerated,,,missense_variant
NM_000546.6:c.1040C>G,0.19,tolerated,,,missense_variant
NM_000546.6:c.388_390delinsGAT,0.0,deleterious,,,missense_variant
NM_000546.6:c.502C>A,0.0,deleterious,,,missense_variant
NM_000546.6:c.382C>T,0.07,tolerated,,,missense_variant
NM_000546.6:c.398T>G,0.0,deleterious,,,missense_variant
NM_000546.6:c.457C>G,0.27,tolerated,,,missense_variant
NM_000546.6:c.550G>C,0.0,deleterious,,,missense_variant
NM_000546.6:c.376_377delinsCT,0.0,deleterious,,,missense_variant
NM_000546.6:c.428T>A,0.0,deleterious,,,missense_variant
NM_000546.6:c.443A>T,0.05,tolerated,,,missense_variant
NM_000546.6:c.454C>A,0.0,deleterious,,,missense_variant
NM_000546.6:c.490A>C,0.0,deleterious,,,missense_variant
NM_000546.6:c.496T>G,0.07,tolerated,,,missense_variant
NM_000546.6:c.170A>G,0.14,tolerated,0.0,benign,missense_variant
NM_000546.6:c.572C>T,0.0,deleterious,,,missense_variant
NM_000546.6:c.163A>C,0.27,tolerated,0.014,benign,missense_variant
NM_000546.6:c.1121G>A,0.07,tolerated,,,missense_variant
NM_000546.6:c.250_251delinsAA,0.04,deleterious,0.312,benign,missense_variant
NM_000546.6:c.308A>C,0.0,deleterious,,,missense_variant
NM_000546.6:c.499C>A,0.0,deleterious,,,missense_variant
NM_000546.6:c.176G>C,0.68,tolerated,0.001,benign,missense_variant
NM_000546.6:c.655C>A,0.0,deleterious,,,missense_variant
NM_000546.6:c.1043T>C,0.0,deleterious,,,missense_variant
NM_000546.6:c.488A>C,0.0,deleterious,,,missense_variant
NM_000546.6:c.446C>A,0.0,deleterious,,,missense_variant
NM_000546.6:c.623A>C,0.0,deleterious,,,missense_variant
NM_000546.6:c.700_702delinsCAG,0.0,deleterious,,,missense_variant
NM_000546.6:c.829T>G,0.0,deleterious,,,missense_variant
NM_000546.6:c.779C>T,0.01,deleterious,,,missense_variant
NM_000546.6:c.1097C>A,0.02,deleterious,,,missense_variant
NM_000546.6:c.794T>G,0.0,deleterious,,,missense_variant
NM_000546.6:c.1064C>A,0.1,tolerated,,,missense_variant
NM_000546.6:c.544T>C,0.11,tolerated,,,missense_variant
NM_000546.6:c.190C>T,0.88,tolerated,0.0,benign,missense_variant
NM_000546.6:c.127T>G,0.17,tolerated,0.017,benign,missense_variant
NM_000546.6:c.980A>G,0.02,deleterious,,,missense_variant
NM_000546.6:c.533A>G,0.0,deleterious,,,missense_variant
NM_000546.6:c.143A>G,0.24,tolerated,0.049,benign,missense_variant
NM_000546.6:c.773A>T,0.0,deleterious,,,missense_variant
NM_000546.6:c.29T>A,0.0,deleterious,0.374,benign,missense_variant
NM_000546.6:c.254C>T,0.04,deleterious,0.003,benign,missense_variant
NM_000546.6:c.175G>T,0.2,tolerated,0.007,benign,missense_variant
NM_000546.6:c.278T>G,0.01,deleterious,0.704,possibly_damaging,missense_variant
NM_000546.6:c.767C>A,0.0,deleterious,,,missense_variant
NM_000546.6:c.1070A>C,0.09,tolerated,,,missense_variant
NM_000546.6:c.661_662delinsAT,0.0,deleterious,,,missense_variant
NM_000546.6:c.259C>T,0.31,tolerated,0.069,benign,missense_variant
NM_000546.6:c.253C>G,0.13,tolerated,0.009,benign,missense_variant
NM_000546.6:c.461G>C,0.02,deleterious,,,missense_variant
NM_000546.6:c.803A>G,0.09,tolerated,,,missense_variant
NM_000546.6:c.928A>C,0.1,tolerated,,,missense_variant
NM_000546.6:c.1054G>C,0.0,deleterious,,,missense_variant
NM_000546.6:c.10C>G,0.1,tolerated,0.001,benign,missense_variant
NM_000546.6:c.655C>G,0.0,deleterious,,,missense_variant
NM_000546.6:c.259C>G,0.16,tolerated,0.364,benign,missense_variant
NM_000546.6:c.812A>G,0.0,deleterious,,,missense_variant
NM_000546.6:c.894G>C,0.34,tolerated,,,missense_variant
NM_000546.6:c.148A>C,1.0,tolerated,0.0,benign,missense_variant
NM_000546.6:c.505A>T,0.02,deleterious,,,missense_variant
NM_000546.6:c.943T>C,0.16,tolerated,,,missense_variant
NM_000546.6:c.479T>C,0.89,tolerated,,,missense_variant
NM_000546.6:c.619G>A,0.09,tolerated,,,missense_variant
NM_000546.6:c.785G>A,0.0,deleterious,,,missense_variant
NM_000546.6:c.1133C>A,0.03,deleterious,,,missense_variant
NM_000546.6:c.199C>G,0.53,tolerated,0.001,benign,missense_variant
NM_000546.6:c.959A>C,0.04,deleterious,,,missense_variant
NM_000546.6:c.806G>A,0.1,tolerated,,,missense_variant
NM_000546.6:c.812A>T,0.0,deleterious,,,missense_variant
NM_000546.6:c.1061A>T,0.36,tolerated,,,missense_variant
NM_000546.6:c.1148T>C,0.09,tolerated,,,missense_variant
NM_000546.6:c.166G>A,0.45,tolerated,0.011,benign,missense_variant
NM_000546.6:c.272G>C,0.25,tolerated,0.043,benign,missense_variant
NM_000546.6:c.629A>G,0.2,tolerated,,,missense_variant
NM_000546.6:c.547T>C,0.2,tolerated,,,missense_variant
NM_000546.6:c.503A>C,0.0,deleterious,,,missense_variant
NM_000546.6:c.1004G>T,0.01,deleterious,,,missense_variant
NM_000546.6:c.905G>C,0.09,tolerated,,,missense_variant
NM_000546.6:c.446C>G,0.01,deleterious,,,missense_variant
NM_000546.6:c.1119G>C,0.01,deleterious,,,missense_variant
NM_000546.6:c.956A>C,0.03,deleterious,,,missense_variant
NM_000546.6:c.1061A>C,0.26,tolerated,,,missense_variant
NM_000546.6:c.214_215delinsAG,0.46,tolerated,0.001,benign,missense_variant
NM_000546.6:c.916C>G,0.0,deleterious,,,missense_variant
NM_000546.6:c.884C>A,0.07,tolerated,,,missense_variant
NM_000546.6:c.278T>C,0.18,tolerated,0.307,benign,missense_variant
NM_000546.6:c.590T>C,0.0,deleterious,,,missense_variant
NM_000546.6:c.612G>C,0.2,tolerated,,,missense_variant
NM_000546.6:c.280T>G,0.21,tolerated,0.356,benign,missense_variant
NM_000546.6:c.218T>A,1.0,tolerated,0.0,benign,missense_variant
NM_000546.6:c.353C>G,0.0,deleterious,,,missense_variant
NM_000546.6:c.508A>T,0.13,tolerated,,,missense_variant
NM_000546.6:c.820G>A,0.25,tolerated,,,missense_variant
NM_000546.6:c.1029G>T,0.03,deleterious,,,missense_variant
NM_000546.6:c.227C>G,0.4,tolerated,0.001,benign,missense_variant
NM_000546.6:c.637_639delinsTGG,0.0,deleterious,,,missense_variant
NM_000546.6:c.1067G>A,0.63,tolerated,,,missense_variant
NM_000546.6:c.482_483delinsGA,0.0,deleterious,,,missense_variant
NM_000546.6:c.635T>C,0.4,tolerated,,,missense_variant
NM_000546.6:c.440T>G,0.0,deleterious,,,missense_variant
NM_000546.6:c.43A>G,0.01,deleterious,0.982,probably_damaging,missense_variant
NM_000546.6:c.1178A>G,0.0,deleterious,,,missense_variant
NM_000546.6:c.1178A>T,0.0,deleterious,,,missense_variant
NM_000546.6:c.1129A>T,0.76,tolerated,,,missense_variant
NM_000546.6:c.925C>A,0.1,tolerated,,,missense_variant
NM_000546.6:c.911C>G,0.26,tolerated,,,missense_variant
NM_000546.6:c.898C>T,0.2,tolerated,,,missense_variant
NM_000546.6:c.811G>C,0.0,deleterious,,,missense_variant
NM_000546.6:c.775G>A,0.34,tolerated,,,missense_variant
NM_000546.6:c.680C>T,0.0,deleterious,,,missense_variant
NM_000546.6:c.493C>G,0.0,deleterious,,,missense_variant
NM_000546.6:c.335G>C,0.52,tolerated,,,missense_variant
NM_000546.6:c.280T>A,0.24,tolerated,0.046,benign,missense_variant
NM_000546.6:c.275C>A,0.0,deleterious,0.78,possibly_damaging,missense_variant
NM_000546.6:c.217G>T,0.6,tolerated,0.0,benign,missense_variant
NM_000546.6:c.191C>T,0.56,tolerated,0.0,benign,missense_variant
NM_000546.6:c.88A>G,0.43,tolerated,0.001,benign,missense_variant
NM_000546.6:c.82G>A,0.35,tolerated,0.157,benign,missense_variant
NM_000546.6:c.61G>A,0.04,deleterious,0.783,possibly_damaging,missense_variant
NM_000546.6:c.584_585delinsAT,0.0,deleterious,,,missense_variant
NM_000546.6:c.704A>T,0.0,deleterious,,,missense_variant
NM_000546.6:c.1034A>G,0.0,deleterious,,,missense_variant
NM_000546.6:c.190C>A,0.46,tolerated,0.014,benign,missense_variant
NM_000546.6:c.781A>C,0.25,tolerated,,,missense_variant
NM_000546.6:c.1007A>G,0.0,deleterious,,,missense_variant
NM_000546.6:c.359A>C,0.0,deleterious,,,missense_variant
NM_000546.6:c.496T>A,0.04,deleterious,,,missense_variant
NM_000546.6:c.372C>G,0.01,deleterious,,,missense_variant
NM_000546.6:c.185A>G,0.08,tolerated,0.003,benign,missense_variant
NM_000546.6:c.621T>G,1.0,tolerated,,,missense_variant
NM_000546.6:c.424C>G,0.0,deleterious,,,missense_variant
NM_000546.6:c.34C>T,0.47,tolerated,0.877,possibly_damaging,missense_variant
NM_000546.6:c.827C>T,0.0,deleterious,,,missense_variant
NM_000546.6:c.962A>C,0.06,tolerated,,,missense_variant
NM_000546.6:c.404G>C,0.0,deleterious,,,missense_variant
NM_000546.6:c.858A>C,0.02,deleterious,,,missense_variant
NM_000546.6:c.167A>G,0.3,tolerated,0.024,benign,missense_variant
NM_000546.6:c.247G>T,0.61,tolerated,0.005,benign,missense_variant
NM_000546.6:c.407A>T,0.0,deleterious,,,missense_variant
NM_000546.6:c.565G>A,0.05,deleterious,,,missense_variant
NM_000546.6:c.424C>A,0.0,deleterious,,,missense_variant
NM_000546.6:c.247G>C,0.15,tolerated,0.255,benign,missense_variant
NM_000546.6:c.1132T>A,0.16,tolerated,,,missense_variant
NM_000546.6:c.624C>G,0.01,deleterious,,,missense_variant
NM_000546.6:c.618G>C,0.22,tolerated,,,missense_variant
NM_000546.6:c.62A>C,0.1,tolerated,0.526,possibly_damaging,missense_variant
NM_000546.6:c.978A>C,0.03,deleterious,,,missense_variant
NM_000546.6:c.410T>A,0.0,deleterious,,,missense_variant
NM_000546.6:c.718A>T,0.0,deleterious,,,missense_variant
NM_000546.6:c.620A>G,0.01,deleterious,,,missense_variant
NM_000546.6:c.370T>C,0.0,deleterious,,,missense_variant
NM_000546.6:c.1049T>G,0.0,deleterious,,,missense_variant
NM_000546.6:c.717C>A,0.0,deleterious,,,missense_variant
NM_000546.6:c.283T>A,0.04,deleterious,,,missense_variant
NM_000546.6:c.1102C>G,0.3,tolerated,,,missense_variant
NM_000546.6:c.994A>C,0.02,deleterious,,,missense_variant
NM_000546.6:c.563T>C,0.25,tolerated,,,missense_variant
NM_000546.6:c.236C>T,0.36,tolerated,0.042,benign,missense_variant
NM_000546.6:c.299A>C,0.15,tolerated,,,missense_variant
NM_000546.6:c.391A>C,0.0,deleterious,,,missense_variant
NM_000546.6:c.851C>T,0.03,deleterious,,,missense_variant
